,Match Datetime,campaign,Competition,Team name,sc_ra,sc_ca,sc_la,sc_md,sc_md_pic,Midfield,Right defence,Central defence,Left defence,Right attack,Central attack,Left attack,ISP attack,ISP defence,Tactic,Tactic skill,Average goals,Formation,Defender_number,Mid_number,Forward_number,Actual goals,Style of play,Total exp,spex,Orders,HomeOrAway,Team name_,Midfield_,Right defence_,Central defence_,Left defence_,Right attack_,Central attack_,Left attack_,ISP attack_,ISP defence_,Tactic_,Tactic skill_,Average goals_,Formation_,Defender_number_,Mid_number_,Forward_number_,Actual goals_,Style of play_,Total exp_,spex_,Orders_,HomeOrAway_,id,Opponent,Match Date,Tactic short,Match Type,T_C,Indiv Order
0,2026-08-21 20:00:00,94,Nations Cup,Severna Makedonija,4.7183,8.1949,18.3764,6.7343,5.6528,7.75,20.25,28.25,26.75,4.75,8.25,18.5,7.5,11.75,Counter-attacks,23,0,5-3-2,5,3,2,2,-10,15,ZUZQHHEEHHHEPQ,3004024004,H,Bosna i Hercegovina,14.25,14.25,15.5,17.0,13.75,18.25,16.0,10.0,11.25,Normal,0,0,3-5-2,3,5,2,0,0,11,ZUEUEQUUUTHUWE,103000300,A,41943611,Bos,2026-08-21,CA,NC,hardca,NMNNWN--DWN-NW
1,2026-08-14 20:00:00,94,Nations Cup,Severna Makedonija,16.5804,19.0926,9.2951,12.7218,10.6787,15.5,16.25,14.25,10.5,16.5,19.0,9.25,7.5,9.75,Normal,0,0,2-5-3,2,5,3,2,0,13,ZHEQEEQZUHHWWQ,1103000,A,Guatemala,10.0,20.75,23.5,21.75,10.5,10.5,13.0,9.0,12.0,Counter-attacks,17,0,4-4-2,4,4,2,1,-10,12,ZQHEHRQUEHUEQP,0,H,41895165,Gua,2026-08-14,N,NC,bal,NN-N--NOONMNNN
2,2026-08-07 20:00:00,94,Nations Cup,Severna Makedonija,14.8962,15.6667,14.6394,10.7716,9.0417,11.0,17.75,17.0,17.0,14.5,15.25,14.25,7.5,10.5,Normal,0,0,3-4-3,3,4,3,4,0,15,ZHEQEHHHEHHWTQ,0,A,Cyprus,9.75,12.75,14.0,14.5,7.75,19.25,18.0,8.25,10.0,Normal,0,0,3-4-3,3,4,3,2,9,9,ZHEETQEpQTUQPQ,2012111000,H,41872834,Cyp,2026-08-07,N,NC,343,NN-N-NNN-NNNNN
3,2026-07-31 20:00:00,94,Nations Cup,Severna Makedonija,14.0124,14.7767,12.9933,13.0348,10.9414,13.25,16.5,16.5,15.25,13.75,14.5,12.75,7.75,11.0,Normal,0,0,3-5-2,3,5,2,1,0,14,ZHEZEHUHZHHTEQ,3100320,A,Guam,13.5,18.0,18.0,18.5,11.75,13.0,11.5,7.5,10.75,Normal,0,0,3-5-2,3,5,2,2,0,12,ZUEHEHTHUHHEQP,103000300,H,41845847,Gua,2026-07-31,N,NC,bal,NN-N-NMONNMD-N
4,2026-07-24 20:00:00,94,Nations Cup,Severna Makedonija,14.3557,14.6076,13.3483,11.181,9.3853,13.5,16.75,16.75,16.25,14.25,14.5,13.25,7.75,11.25,Normal,0,0,3-5-2,3,5,2,1,0,14,ZHEZEHUHZHHTEQ,3100320,H,Portugal,13.0,17.0,17.5,17.25,13.5,15.25,14.25,9.5,12.0,Normal,0,0,3-5-2,3,5,2,2,0,11,UQEQEHHUHUQUWE,3000300,A,41820604,Por,2026-07-24,N,NC,bal,NN-N-NMONNMD-N
5,2026-07-17 20:00:00,94,Nations Cup,Severna Makedonija,17.6463,7.4166,14.3217,6.6092,5.5478,6.5,23.75,22.5,18.5,17.25,7.25,14.0,7.5,11.75,Counter-attacks,23,0,5-3-2,5,3,2,2,-5,14,ZHUQZHHHEEHQEP,400114144,A,Nicaragua,11.25,15.25,15.5,16.5,18.0,14.75,10.5,9.0,11.25,Normal,0,0,3-5-2,3,5,2,1,0,12,ZUEHEQUQHUUQEP,1401300,H,41683740,Nic,2026-07-17,CA,NC,hardca,NNWNNOOW--OW-W
6,2026-07-10 20:00:00,94,Nations Cup,Severna Makedonija,13.4386,14.6384,12.7186,12.6904,10.6523,11.75,16.75,17.75,18.25,14.0,15.25,13.25,8.75,12.0,Normal,0,0,3-5-2,3,5,2,0,0,14,ZHEZEUHZHHHQEW,3000300,A,Brasil,8.75,23.75,26.0,23.0,14.75,12.5,7.75,9.25,11.5,Counter-attacks,20,0,4-3-3,4,3,3,3,-10,17,ZUQEUUQQEHEPUQ,2040000,H,41345747,Bra,2026-07-10,N,NC,bal,NN-N-NMNNNMN-N
7,2026-07-03 20:00:00,94,Nations Cup,Severna Makedonija,13.9936,18.1672,11.5386,13.2898,11.1554,11.5,18.25,16.25,10.5,14.25,18.5,11.75,9.25,11.25,Normal,0,0,2-5-3,2,5,3,2,3,14,ZUEQEEHZHHHQWQ,30003000,A,Malaysia,5.5,16.25,20.75,18.75,7.5,12.5,11.25,6.5,10.0,Counter-attacks,20,0,5-2-3,5,2,3,0,0,9,UUHHTHEEQEQPQU,2000000000,H,41279474,Mal,2026-07-03,N,NC,bal,NN-N--MNNNMNNN
8,2026-06-26 20:00:00,94,Nations Cup,Severna Makedonija,13.6053,14.8651,12.8495,12.8597,10.7945,10.25,16.75,18.0,18.25,13.5,14.75,12.75,8.0,11.5,Normal,0,0,3-5-2,3,5,2,2,0,14,ZHEQEUHZHHHQEQ,3000300,A,Guinea Ecuatorial,3.5,19.5,19.25,18.75,5.5,5.75,11.5,5.75,8.25,Counter-attacks,15,0,5-3-2,5,3,2,0,-10,4,ZHHPZQQEEUQETQ,2004024104,H,41263681,Gui,2026-06-26,N,NC,bal,NN-N-NMNNNMN-N
9,2026-06-19 20:00:00,94,Friendly,Severna Makedonija,,,,,,5.75,20.5,20.5,18.25,13.0,6.25,14.0,6.75,9.25,Counter-attacks,16,0,4-4-2,4,4,2,4,-10,9,ZZHEZPUQEZUUEU,44144,H,Guam,3.25,14.25,13.25,13.25,11.0,13.5,11.25,6.5,9.25,Normal,0,0,3-5-2,3,5,2,2,10,7,UUEPEUQHUUHEHQ,0,A,41235531,Gua,2026-06-19,CA,F,442ca,NNN-NNNW-WOW-W
10,2026-06-12 20:00:00,94,Friendly,Severna Makedonija,,,,,,5.25,18.25,18.25,16.5,14.0,6.5,14.5,6.75,9.25,Counter-attacks,15,0,4-4-2,4,4,2,0,-10,8,ZZHEPPUQEZUUEU,1000044144,A,Comoros,7.5,18.5,18.75,17.75,10.5,11.25,14.75,6.5,10.0,Normal,0,0,3-4-3,3,4,3,1,0,9,UTEQETQUEQUQTQ,0,H,41191087,Com,2026-06-12,CA,F,442ca,NON-NNNW-WOW-W
11,2026-06-05 20:00:00,94,Europe Cup,Severna Makedonija,14.7036,14.7036,14.7036,11.0408,9.2677,16.75,17.0,17.5,18.0,14.0,14.0,14.0,7.75,11.0,Normal,0,0,3-5-2,3,5,2,1,0,13,ZHEQEZQHZUHEQQ,0,H,Nederland,12.75,21.0,26.25,21.5,12.25,12.75,13.25,10.75,13.5,Counter-attacks,20,0,4-4-2,4,4,2,1,-10,14,UTUEUUQQEQQWQE,3000000000,A,40821864,Ned,2026-06-05,N,CC,bal,NN-N-NNNNNN-NN
12,2026-05-29 20:00:00,94,Europe Cup,Severna Makedonija,22.6541,9.5947,5.8634,7.8379,6.5792,7.0,19.75,21.5,19.25,21.25,9.0,5.5,7.5,11.0,Counter-attacks,21,0,5-3-2,5,3,2,2,1,12,ZZQHQZQQEHEQWE,1400214240,A,Belarus,13.25,12.75,10.0,9.75,18.0,22.5,16.0,8.25,9.5,Play creatively,22,0,2-5-3,2,5,3,2,10,9,ZHEEEQUQQZQQUQ,30003000,H,40821841,Bel,2026-05-29,CA,CC,hardca,NOWNNDOW-D-WN-
13,2026-05-22 20:00:00,94,Europe Cup,Severna Makedonija,12.0984,18.2762,12.0984,11.2002,9.4015,15.0,16.5,15.0,10.0,11.75,17.75,11.75,7.75,9.75,Normal,0,0,2-5-3,2,5,3,1,0,11,ZQEHEEHUHHQQPQ,30003000,H,Schweiz,15.75,18.75,19.25,18.75,12.5,13.5,12.5,8.75,11.75,Normal,0,0,3-5-2,3,5,2,5,2,16,UUEUETQQUHQEWQ,3000300,A,40821816,Sch,2026-05-22,N,CC,bal,NN-N--MNNNMNNN
14,2026-05-15 20:00:00,94,Europe Cup,Severna Makedonija,13.7614,13.4968,14.0261,11.4238,9.5892,16.25,17.5,18.25,18.0,13.0,12.75,13.25,6.75,10.5,Normal,0,0,3-5-2,3,5,2,1,0,14,ZHEQEZQHHUHEQP,1000,H,Rossiya,6.25,23.25,24.5,24.25,19.5,7.0,17.5,7.5,11.75,Counter-attacks,24,0,5-3-2,5,3,2,0,-10,14,ZQUPQQQHEEHTEH,4014144,A,40821792,Ros,2026-05-15,N,CC,bal,NN-N-NNNNON-NN
15,2026-05-08 20:00:00,94,Europe Cup,Severna Makedonija,4.385,8.496,20.2808,8.1024,6.8012,7.75,22.25,25.75,23.75,4.0,7.75,18.5,8.0,11.5,Counter-attacks,21,0,5-3-2,5,3,2,1,-10,14,ZHQHZZEHEHQEWU,2004124104,A,Italia,14.0,13.75,11.0,13.0,21.5,20.25,17.75,8.25,10.25,Normal,0,0,2-5-3,2,5,3,0,10,15,UUEEEUQHQHQQPQ,34003000,H,40821769,Ita,2026-05-08,CA,CC,hardca,NDNNWO-D-WO-NW
16,2026-05-01 20:00:00,94,Europe Cup,Severna Makedonija,12.742,13.0131,12.742,13.5956,11.4121,16.5,16.75,16.25,16.5,11.75,12.0,11.75,6.75,10.0,Normal,0,0,3-5-2,3,5,2,0,0,14,ZHEQEZHHHUQWEH,103000302,A,Nederland,12.0,24.5,27.25,25.5,11.0,10.25,11.0,10.25,13.25,Counter-attacks,20,0,4-4-2,4,4,2,4,-7,14,UQUEUTQQEUQPUE,0,H,40821744,Ned,2026-05-01,N,CC,bal,NN-O-NMNNNMN-D
17,2026-04-27 20:00:00,94,Europe Cup,Severna Makedonija,17.3199,8.9306,17.8612,7.7381,6.4953,8.75,19.25,20.25,18.25,16.0,8.25,16.5,7.25,10.75,Counter-attacks,17,0,4-4-2,4,4,2,0,0,14,ZZQEZZHUEHQUEp,144144,H,Belarus,10.0,22.75,25.0,22.75,12.25,11.75,11.0,7.0,10.5,Counter-attacks,21,0,4-4-2,4,4,2,1,-10,10,ZHPEQQUQEHQWEQ,2000000,A,40821720,Bel,2026-04-27,CA,CC,442ca,NNN-NNOW-WOW-W
18,2026-04-24 20:00:00,94,Europe Cup,Severna Makedonija,9.2171,17.9075,12.6406,14.7564,12.3865,17.0,7.75,13.5,9.5,8.75,17.0,12.0,7.75,9.75,Attack in the middle,25,0,2-5-3,2,5,3,1,10,13,ZEEQHEZUHHHUHW,1130003220,A,Schweiz,14.75,18.0,17.75,17.75,14.0,15.0,14.0,8.5,11.75,Normal,0,0,3-5-2,3,5,2,4,4,12,UHEUEUQUQHQUPE,3010300,H,40821697,Sch,2026-04-24,AIM,CC,AoA,N--OO-MNNNMDDN
19,2026-04-20 20:00:00,94,Europe Cup,Severna Makedonija,18.8579,5.3121,3.9841,8.4905,7.127,7.5,23.75,27.0,26.5,17.75,5.0,3.75,7.5,11.75,Counter-attacks,22,0,5-3-2,5,3,2,1,-10,12,ZZZHQZQHEHEUWE,1400214240,A,Rossiya,12.75,15.0,15.5,12.25,18.75,20.25,13.75,10.0,11.25,Normal,0,0,2-5-3,2,5,3,1,5,12,ZZEEUEHHUHHTHQ,3000,H,40821672,Ros,2026-04-20,CA,CC,hardca,NOWNNDOW-D-WN-
20,2026-04-17 20:00:00,94,Europe Cup,Severna Makedonija,12.5975,15.6209,14.1092,12.2958,10.3211,11.75,14.75,15.25,17.0,12.5,15.5,14.0,7.75,10.5,Normal,0,0,3-5-2,3,5,2,0,0,13,ZZEQEZZUHHHUEP,103000300,H,Italia,11.5,19.0,18.75,18.75,12.75,12.75,12.25,8.5,11.5,Normal,0,0,3-5-2,3,5,2,3,0,14,UUEUEUHQHHQQWE,103000300,A,40821649,Ita,2026-04-17,N,CC,bal,NN-O-NMNNNMN-N
21,2026-04-10 20:00:00,94,Friendly,Severna Makedonija,,,,,,3.25,20.0,21.25,20.5,13.25,7.25,13.75,6.0,9.25,Counter-attacks,17,0,4-4-2,4,4,2,3,-10,8,ZUHEPPQSEHUTEQ,44044,A,Grenada,5.5,6.25,8.0,6.75,4.75,3.5,9.5,6.5,7.5,Normal,0,0,3-5-2,3,5,2,0,0,7,PUEUEQHTHQPZEQ,2020124000,H,40841554,Gre,2026-04-10,CA,F,442ca,NNN-NNNW-WNW-W
22,2026-04-03 20:00:00,94,Friendly,Severna Makedonija,,,,,,9.25,16.75,17.25,16.75,13.25,14.5,10.75,7.5,10.25,Normal,0,0,4-4-2,4,4,2,0,0,9,UUZEHQQZEZUUET,0,A,Panama,9.75,18.25,20.25,17.75,17.0,6.0,10.75,6.75,10.75,Normal,0,0,4-5-1,4,5,1,0,0,8,ZHPETQHQPHUUEE,40004,H,40801287,Pan,2026-04-03,N,F,bal,NNN-NNNN-NNN-N
23,2026-03-27 20:00:00,92,Friendly,Severna Makedonija,,,,,,8.75,18.25,19.5,17.75,12.5,13.0,9.25,7.75,10.5,Normal,0,0,4-4-2,4,4,2,2,0,11,UUZEHQQZEZUUEP,0,H,Norge,9.75,18.0,16.75,16.75,14.25,15.0,14.5,9.5,12.0,Normal,0,0,3-5-2,3,5,2,0,0,13,UUEUEUUHHTQEQU,1000,A,40653106,Nor,2026-03-27,N,F,bal,NNN-NNNN-NNN-N
24,2026-03-20 20:00:00,92,Friendly,Severna Makedonija,,,,,,9.0,14.25,15.5,16.25,9.25,11.5,15.25,6.75,9.75,Normal,0,0,3-5-2,3,5,2,0,0,9,UUEQEUQZZQUUET,3014002,A,Rossiya,9.75,14.75,17.0,13.75,12.5,13.25,12.75,8.0,10.25,Play creatively,21,0,3-4-3,3,4,3,2,5,9,ZHEEZUUQPEQUUQ,3000200000,H,40328490,Ros,2026-03-20,N,F,bal,NN-N-NMNOWNN-D
25,2026-03-13 20:00:00,92,Friendly,Severna Makedonija,,,,,,6.25,12.75,9.5,9.75,8.5,8.0,8.25,7.25,9.5,Normal,0,0,3-5-2,3,5,2,1,0,9,UUETEUQUTQZUEZ,0,A,Lietuva,10.0,18.0,17.5,18.5,11.75,12.75,12.5,7.5,10.25,Normal,0,0,3-5-2,3,5,2,7,0,10,ZHEUEPUUHHQQEH,0,H,40220545,Lie,2026-03-13,N,F,bal,NN-N-NNNNNNN-N
26,2026-03-06 20:00:00,92,Nations Cup,Severna Makedonija,13.246,16.136,13.246,12.3675,10.3813,16.75,16.25,16.25,16.5,13.75,16.75,13.75,8.5,11.5,Normal,0,0,3-5-2,3,5,2,1,1,15,ZQEHEZQZUHHQEW,3011300,A,Dhivehi Raajje,16.75,17.0,16.25,17.0,12.0,13.5,12.75,8.75,11.0,Normal,0,0,3-5-2,3,5,2,2,-5,13,ZQEQEZQHQHQPEH,103000300,H,40167964,Dhi,2026-03-06,N,NC,bal,NN-N-NMNOOMN-N
27,2026-02-27 20:00:00,92,Nations Cup,Severna Makedonija,10.2215,14.5003,14.9757,10.7003,8.9819,13.0,16.75,17.5,16.0,10.75,15.25,15.75,8.75,12.0,Normal,0,0,3-5-2,3,5,2,3,-1,14,ZHEPEQHHUZHEQP,3103011100,H,Zambia,14.75,13.5,15.25,17.0,13.0,16.5,15.5,8.0,11.25,Normal,0,0,3-5-2,3,5,2,3,0,14,ZTEZEHUHUUHHWE,103000000,A,40123101,Zam,2026-02-27,N,NC,bal,NM-O-NMNOOO-NN
28,2026-02-20 20:00:00,92,Nations Cup,Severna Makedonija,10.2501,13.1106,12.8722,13.7859,11.5719,13.75,17.5,19.5,17.5,10.75,13.75,13.5,8.75,12.5,Normal,0,0,3-5-2,3,5,2,2,-1,15,ZHEPEQHHHZHETW,3103001320,A,Ireland,13.75,16.5,16.25,15.5,13.25,13.75,12.0,8.75,11.75,Play creatively,24,0,3-5-2,3,5,2,1,-3,12,ZHEHEHQUpUQUEQ,103020000,H,40079352,Ire,2026-02-20,N,NC,bal,NM-O-NMNNOM-DN
29,2026-02-13 20:00:00,92,Nations Cup,Severna Makedonija,10.2687,14.5265,13.0237,13.8025,11.5858,13.25,13.25,18.75,19.0,10.25,14.5,13.0,8.5,11.75,Normal,0,0,3-5-2,3,5,2,7,-1,14,ZHEHEQHHHZHETW,3103001320,A,Føroyar,13.0,16.75,16.0,16.25,14.0,15.0,14.0,9.0,11.75,Play creatively,22,0,3-5-2,3,5,2,1,0,11,ZTEHETQHHHQHUE,103000300,H,40032624,Før,2026-02-13,N,NC,bal,NM-O-NMNNOM-DN
30,2026-02-06 20:00:00,92,Nations Cup,Severna Makedonija,11.2744,13.6342,11.2744,10.7812,9.0497,15.75,19.75,19.75,19.75,10.75,13.0,10.75,9.0,12.0,Normal,0,0,3-5-2,3,5,2,4,0,15,ZQEHEHHHZHHEHP,3011300,H,Suriyah,11.25,16.75,15.75,15.25,12.0,13.0,8.5,5.75,9.0,Normal,0,0,3-5-2,3,5,2,0,0,13,UQEHETQUQQQEQW,3000300,A,39989857,Sur,2026-02-06,N,NC,bal,NN-N-NMNOOM-NN
31,2026-01-30 20:00:00,92,Nations Cup,Severna Makedonija,16.2892,15.7721,8.791,10.6143,8.9096,13.0,17.5,17.0,17.75,15.75,15.25,8.5,9.25,12.25,Normal,0,0,3-5-2,3,5,2,1,0,15,ZQEHEHHHZHHHEP,3411300,H,Al Iraq,14.5,17.5,20.0,18.0,14.5,14.5,8.75,10.25,12.75,Normal,0,0,3-5-2,3,5,2,3,-1,13,ZQEPEPQQHHUHEW,30100300,A,39946155,Al ,2026-01-30,N,NC,bal,NN-N-NMWOOMN-N
32,2026-01-23 20:00:00,92,Nations Cup,Severna Makedonija,12.7488,14.7486,13.2487,12.7781,10.7259,13.0,16.5,17.0,17.0,12.75,14.75,13.25,8.25,11.75,Normal,0,0,3-5-2,3,5,2,2,0,15,ZZEHEQHHUHHHEW,3000300,A,Tanzania,14.25,16.75,16.25,16.25,12.25,13.75,12.0,9.75,12.25,Play creatively,21,0,3-5-2,3,5,2,5,-3,11,ZQEHEHTHHHHPEH,103000300,H,39899046,Tan,2026-01-23,N,NC,bal,NN-N-NMNNNMN-N
33,2026-01-16 20:00:00,92,Nations Cup,Severna Makedonija,15.4569,7.7284,14.709,5.9941,5.0315,7.25,21.5,25.25,21.25,15.5,7.75,14.75,8.75,12.75,Counter-attacks,22,0,5-3-2,5,3,2,0,-4,15,ZQHHHZHEHEQUEH,10144,H,Bahrain,14.25,17.0,16.75,16.25,13.0,13.5,13.5,7.5,10.5,Normal,0,0,3-5-2,3,5,2,0,-1,12,ZQEHEHQPQHHHEU,0,A,39851621,Bah,2026-01-16,CA,NC,hardca,NNNNNNO-N-OW-W
34,2026-01-09 20:00:00,92,Nations Cup,Severna Makedonija,12.23,14.7779,16.3067,10.353,8.6903,12.25,15.25,17.25,17.0,12.0,14.5,16.0,8.75,11.75,Normal,0,0,3-5-2,3,5,2,3,1,14,ZQEHEZHHTHQHEH,3014300,H,Việt Nam,13.25,16.0,14.0,13.75,13.5,12.25,14.0,8.5,11.5,Normal,0,0,3-5-2,3,5,2,1,4,11,ZHEZEHQZPTHQEQ,103404300,A,39805725,Việ,2026-01-09,N,NC,bal,NN-N-NMNOWMN-N
35,2026-01-02 20:00:00,92,Nations Cup,Severna Makedonija,15.1131,6.549,12.8462,6.9509,5.8345,6.5,23.0,26.75,22.5,15.0,6.5,12.75,9.0,12.5,Counter-attacks,21,0,5-3-2,5,3,2,1,-10,14,ZHPHHZQHEEHHEQ,2000214044,A,France,13.25,15.5,13.25,15.25,16.5,18.5,16.75,10.0,12.0,Normal,0,0,3-5-2,3,5,2,2,5,12,ZQEPEQQQHQHEQP,11000,H,39747556,Fra,2026-01-02,CA,NC,hardca,NDNNNDOW--NW-W
36,2025-12-26 20:00:00,92,Nations Cup,Severna Makedonija,14.3562,21.4083,13.6006,13.5302,11.3573,16.0,10.25,13.25,12.25,14.25,21.25,13.5,9.0,11.0,Normal,0,0,2-5-3,2,5,3,3,10,14,ZEHEEPHUHTHHHW,1301113000,A,Venezuela,13.0,18.25,19.75,17.25,15.5,12.25,7.5,9.75,12.25,Normal,0,0,3-5-2,3,5,2,3,3,13,ZZETEPQQHHQPQE,130400300,H,39714633,Ven,2025-12-26,N,NC,AoA,N-O--MNOOOMNNN
37,2025-12-19 20:00:00,92,Nations Cup,Severna Makedonija,15.1099,7.555,17.6282,5.9469,4.9918,6.75,22.75,22.75,20.75,15.0,7.5,17.5,8.75,12.0,Counter-attacks,19,0,4-4-2,4,4,2,1,-6,14,ZPHEHZHHEQHHEU,2000144044,H,Bangladesh,12.5,17.5,17.0,17.0,14.5,17.0,14.75,10.5,12.0,Normal,0,0,3-4-3,3,4,3,1,0,12,UHEHEUUHEUQWQW,3003000,A,39684744,Ban,2025-12-19,CA,NC,442ca,NDN-NNOW-WNW-W
38,2025-12-12 20:00:00,92,Nations Cup,Severna Makedonija,9.6502,19.0397,17.7356,9.5603,8.0249,13.75,15.5,14.75,15.0,9.25,18.25,17.0,8.75,11.5,Normal,0,0,3-4-3,3,4,3,4,10,14,ZHEPEZEHUHHPQU,2011110000,H,Malaysia,11.25,18.5,19.25,18.75,12.0,11.75,12.0,9.75,13.25,Normal,0,0,3-5-2,3,5,2,1,0,16,ZQEUETUHQpQWEH,3002300,A,39648711,Mal,2025-12-12,N,NC,343,ND-N-O-OOONNNN
39,2025-12-05 20:00:00,92,Nations Cup,Severna Makedonija,14.2124,17.2579,14.2124,8.905,7.4749,10.5,14.75,15.25,15.75,14.0,17.0,14.0,8.75,10.5,Normal,0,0,3-4-3,3,4,3,0,0,13,ZHEPEZHHETQQPU,3003000,H,Island,12.75,17.0,17.0,17.5,12.0,13.0,12.0,8.0,10.75,Normal,0,0,3-5-2,3,5,2,2,0,15,ZQEUEPUUTHQUEH,103000300,A,39494977,Isl,2025-12-05,N,NC,343,NN-N-NMN-NMNNN
40,2025-11-28 20:00:00,92,Nations Cup,Severna Makedonija,13.3811,12.8946,13.3811,9.9903,8.3859,9.25,21.0,22.75,21.5,13.75,13.25,13.75,8.25,11.75,Counter-attacks,18,0,4-4-2,4,4,2,0,-10,14,ZHPEHZZHETHUEQ,11000,A,Uruguay,10.25,21.0,22.5,21.5,15.25,14.0,13.75,7.0,11.0,Counter-attacks,19,0,4-4-2,4,4,2,2,-2,16,ZQUEQUQHUEQETU,43001300,H,39137251,Uru,2025-11-28,CA,NC,442ca,NNN-NNNO-ONN-N
41,2025-11-21 20:00:00,92,Nations Cup,Severna Makedonija,12.2231,12.4675,11.9786,11.3258,9.5068,11.75,19.25,19.75,19.25,12.5,12.75,12.25,8.25,11.75,Normal,0,0,3-5-2,3,5,2,3,-3,13,ZHEPEZHTHHQPEH,103000300,H,Magyarország,12.0,16.75,16.0,15.0,16.25,17.5,15.25,10.0,12.0,Normal,0,0,3-5-2,3,5,2,2,0,12,ZQEQEUUHHHQUEU,103000300,A,39063244,Mag,2025-11-21,N,NC,bal,NN-O-NMNNNMN-N
42,2025-11-14 20:00:00,92,Nations Cup,Severna Makedonija,11.3378,11.5897,11.5897,13.8007,11.5843,11.0,20.25,20.0,18.0,11.25,11.5,11.5,8.25,11.75,Normal,0,0,3-5-2,3,5,2,4,0,13,ZZEHEHZTHHQHWE,103100300,A,Kazakhstan,9.25,18.0,18.0,19.0,12.75,12.75,11.75,8.0,11.0,Normal,0,0,3-5-2,3,5,2,1,-3,11,ZUEZEHHHHQQEPQ,0,H,39042448,Kaz,2025-11-14,N,NC,bal,NN-O-NMONNMNN-
43,2025-11-07 20:00:00,92,Friendly,Severna Makedonija,,,,,,9.75,16.5,15.25,17.75,13.0,12.5,7.25,7.25,10.25,Normal,0,0,3-5-2,3,5,2,6,0,11,UQEZEPQUTHTQEP,300,H,Al Yaman,2.75,6.75,7.0,7.75,6.25,3.5,4.75,7.25,7.25,Normal,0,0,5-3-2,5,3,2,0,10,8,UHPHZUHEZEHEWU,0,A,39003972,Al ,2025-11-07,N,F,bal,NN-N-NNNNNMN-N
44,2025-10-31 20:00:00,92,Friendly,Severna Makedonija,,,,,,11.0,19.0,19.25,19.75,12.75,12.0,12.5,7.5,11.0,Normal,0,0,3-5-2,3,5,2,5,0,12,UZEZEHQUPHHQEP,0,H,Bosna i Hercegovina,8.75,13.25,13.25,11.25,17.5,17.5,13.0,7.75,9.0,Play creatively,23,0,2-5-3,2,5,3,1,0,10,ZUEEHEUTUQUHTU,20,A,38953369,Bos,2025-10-31,N,F,bal,NN-N-NNNNNNN-N
45,2025-10-24 20:00:00,92,Europe Cup,Severna Makedonija,4.5675,6.8512,19.285,3.6862,3.0942,4.0,28.0,27.75,26.0,4.5,6.75,19.0,9.0,13.25,Counter-attacks,24,0,5-4-1,5,4,1,0,-10,13,UHQPQHpEHHQEEU,2004022414,H,Danmark,17.25,10.5,12.5,13.0,18.5,18.5,18.75,9.75,11.5,Play creatively,25,0,2-5-3,2,5,3,2,10,16,UEUEEUQHHHUTQW,1004000200,A,38539605,Dan,2025-10-24,CA,CC,hardca,NDNNWND-DWO--W
46,2025-10-17 20:00:00,92,Europe Cup,Severna Makedonija,14.4666,14.7249,7.75,12.8453,10.7824,17.0,13.25,16.75,15.0,14.0,14.25,7.5,8.5,11.5,Normal,0,0,3-5-2,3,5,2,2,5,13,ZHEPEHQHUpHEWH,1133112300,A,Liechtenstein,17.0,16.25,16.0,15.25,12.5,15.0,11.5,9.5,12.25,Normal,0,0,3-5-2,3,5,2,1,0,14,ZUEHEUHQUHQHEP,3010300,H,38539582,Lie,2025-10-17,N,CC,bal,NO-O-MMOODM-NN
47,2025-10-10 20:00:00,92,Europe Cup,Severna Makedonija,11.8616,14.4975,14.4975,11.1047,9.3213,12.75,14.75,16.25,16.25,11.25,13.75,13.75,8.0,10.75,Normal,0,0,3-5-2,3,5,2,4,2,14,ZHEHEHQHPUQHPE,3001000,H,Slovensko,13.0,16.25,16.75,17.75,14.5,16.25,16.0,11.25,13.5,Normal,0,0,3-5-2,3,5,2,3,-2,16,ZUEUEUHUHHUEQU,103000000,A,38539559,Slo,2025-10-10,N,CC,bal,NN-N-NMNNONNN-
48,2025-10-03 20:00:00,92,Europe Cup,Severna Makedonija,6.5112,10.8519,20.0761,10.2951,8.6417,15.0,12.0,14.75,20.5,6.0,10.0,18.5,8.75,12.0,Attack in wings,22,0,3-5-2,3,5,2,2,4,14,ZEEHHHHPUQQEPU,1413014104,H,Turkiye,8.75,23.5,23.5,22.75,6.75,16.25,16.75,10.0,12.0,Counter-attacks,21,0,4-3-3,4,3,3,1,-9,13,ZZTTEUEETUQQQT,2002112004,A,38539533,Tur,2025-10-03,AOW,CC,bal,N--OWOMNOWO-NW
49,2025-09-26 20:00:00,92,Europe Cup,Severna Makedonija,16.8773,7.0776,17.694,6.4081,5.3789,6.5,22.25,22.5,22.25,15.5,6.5,16.25,8.25,12.0,Counter-attacks,20,0,4-4-2,4,4,2,0,-10,14,ZQPEHHQHEQQUEQ,2044144,A,Eesti,15.75,15.5,13.25,15.25,15.5,18.5,15.5,9.5,10.75,Normal,0,0,2-5-3,2,5,3,2,0,14,UUEEEUQUUHUPQQ,30003000,H,38539510,Ees,2025-09-26,CA,CC,442ca,NNN-NDNW-WOW-W
50,2025-09-19 20:00:00,92,Europe Cup,Severna Makedonija,11.0559,12.4041,9.7076,13.2344,11.109,13.25,20.0,21.5,20.5,10.25,11.5,9.0,9.5,12.5,Pressing,14,0,3-5-2,3,5,2,0,-5,14,ZHEHEPHTpHQWEW,2023020300,A,Danmark,15.75,12.25,15.0,15.5,13.75,20.0,20.75,10.5,12.0,Normal,0,0,2-5-3,2,5,3,3,5,22,UEUEEUUHHHUHPU,30140000,H,38539487,Dan,2025-09-19,Pr,CC,AoD,ND-N-DMNDNMN-N
51,2025-09-15 20:00:00,92,Europe Cup,Severna Makedonija,15.0636,18.7635,21.4062,10.1043,8.4815,15.0,14.25,14.5,16.0,14.25,17.75,20.25,8.75,10.75,Normal,0,0,3-4-3,3,4,3,0,4,13,ZHEHEQHETQQHUH,3140000,H,Liechtenstein,10.0,22.25,24.25,22.25,12.0,12.0,12.5,8.0,12.0,Counter-attacks,20,0,4-4-2,4,4,2,2,-10,12,ZQHETPQEQQQHQE,1000,A,38539462,Lie,2025-09-15,N,CC,343,NN-N-NM-OWNNNN
52,2025-09-12 20:00:00,92,Europe Cup,Severna Makedonija,12.0701,13.9068,8.3966,12.9247,10.849,12.5,18.75,20.5,18.25,11.5,13.25,8.0,8.5,12.25,Pressing,13,0,3-5-2,3,5,2,1,-4,13,ZHEHEHHHZpPHHE,2133002300,A,Slovensko,12.25,14.25,11.5,14.75,18.25,18.75,21.25,11.0,12.25,Normal,0,0,2-5-3,2,5,3,2,7,15,ZUEEEUUQUHHUQP,40000,H,38539438,Slo,2025-09-12,Pr,CC,AoD,ND-O-MMNNDMNN-
53,2025-09-08 20:00:00,92,Europe Cup,Severna Makedonija,12.4248,4.9182,16.8253,7.3585,6.1767,6.5,23.75,25.75,24.25,12.0,4.75,16.25,7.5,12.25,Counter-attacks,21,0,5-4-1,5,4,1,0,-8,13,ZHQHQHQHEHHEEH,3404214414,A,Turkiye,12.75,16.0,13.5,11.5,19.5,20.5,10.5,10.0,11.0,Normal,0,0,2-5-3,2,5,3,1,0,15,ZUEETEUQTUQQQP,104113000,H,38539413,Tur,2025-09-08,CA,CC,hardca,NMWNWDOW-WO--W
54,2025-09-05 20:00:00,92,Europe Cup,Severna Makedonija,13.6053,15.369,14.3612,11.5109,9.6623,11.0,17.75,17.25,16.75,13.5,15.25,14.25,7.75,11.0,Normal,0,0,3-5-2,3,5,2,1,0,13,ZHEHEHHHTHQEPH,3010000,H,Eesti,11.5,16.75,16.0,14.75,14.25,16.0,13.5,9.0,11.25,Normal,0,0,3-5-2,3,5,2,3,0,13,ZUEUEZHHUUUWEU,103000300,A,38539390,Ees,2025-09-05,N,CC,bal,NN-N-NMNONN-NN
55,2025-08-29 20:00:00,92,Friendly,Severna Makedonija,,,,,,6.25,16.75,15.0,12.5,6.0,5.5,8.0,9.0,12.5,Normal,0,0,3-4-3,3,4,3,7,10,12,ZHETEHHPEPPQUH,0,H,Al Yaman,4.25,5.0,7.25,6.5,3.75,4.25,3.75,5.75,6.75,Normal,0,0,4-4-2,4,4,2,0,10,5,TZPEHZHZETHTET,0,A,38558749,Al ,2025-08-29,N,F,343,NN-N-NNN-NNNNN
56,2025-08-22 20:00:00,92,Friendly,Severna Makedonija,,,,,,8.25,22.75,24.5,23.0,9.5,9.75,7.0,6.75,10.75,Pressing,12,0,4-4-2,4,4,2,0,-10,11,UQHEHPHUETTQEQ,2002222200,H,Mongol Uls,5.75,21.5,21.5,21.75,12.75,9.25,11.75,8.0,12.0,Counter-attacks,18,0,5-3-2,5,3,2,1,0,12,ZQTQUUTEpEUUEU,404012000,A,38518061,Mon,2025-08-22,Pr,F,AoD,NDN-NDDD-DDN-N
57,2025-08-15 20:00:00,90,Friendly,Severna Makedonija,,,,,,7.0,23.5,23.25,23.5,12.5,5.75,4.25,6.75,11.0,Counter-attacks,25,0,5-4-1,5,4,1,0,-10,11,UQPHHUHQETTUEE,1404211224,H,Cuba,5.0,20.75,22.75,20.25,14.75,10.75,11.25,6.25,9.75,Counter-attacks,22,0,5-3-2,5,3,2,1,-10,9,ZTHPHUUHEEQQQE,4000,A,38367757,Cub,2025-08-15,CA,F,hardca,NOWNWDOO-DDW--
58,2025-08-08 20:00:00,90,Friendly,Severna Makedonija,,,,,,9.25,17.25,25.5,18.0,8.5,8.5,6.25,7.0,10.5,Pressing,12,0,4-5-1,4,5,1,0,-10,11,UQHEPHHTQTHEUE,3003300030,A,Puerto Rico,7.75,15.75,15.75,17.5,15.25,16.25,15.75,9.25,10.75,Normal,0,0,3-4-3,3,4,3,1,0,12,ZHEPEUQQEPQHUP,0,H,38107141,Pue,2025-08-08,Pr,F,AoD,NMN-NMMNNNM-N-
59,2025-08-01 20:00:00,90,Friendly,Severna Makedonija,,,,,,5.0,19.0,22.0,19.75,12.25,11.5,9.25,7.25,10.75,Counter-attacks,18,0,4-4-2,4,4,2,1,-10,11,UQHEHHHTETHHEU,2002100100,A,Cabo Verde,11.75,16.25,18.5,16.25,10.0,9.25,10.5,7.25,10.5,Pressing,12,0,4-5-1,4,5,1,0,5,12,ZPQEQQUPpHQEUE,2002002000,H,37947484,Cab,2025-08-01,CA,F,442ca,NDN-NDON-NON-N
60,2025-07-25 20:00:00,90,Nations Cup,Severna Makedonija,13.4221,20.513,12.1558,10.8931,9.1437,17.25,7.25,12.0,8.25,13.25,20.25,12.0,8.75,9.75,Attack in the middle,23,0,2-5-3,2,5,3,2,10,12,ZEPEQEHHTpQUQP,1131123000,H,Oceania,15.75,18.5,17.5,18.0,12.5,13.75,12.0,8.75,11.5,Normal,0,0,3-5-2,3,5,2,2,-3,13,ZUETEQUQQUQWEW,103000300,A,37909391,Oce,2025-07-25,AIM,NC,AoA,N-O-O-MOODMNNN
61,2025-07-18 20:00:00,90,Nations Cup,Severna Makedonija,13.1973,12.436,12.436,12.3539,10.3699,11.75,17.25,18.75,18.5,13.0,12.25,12.25,8.0,11.0,Normal,0,0,3-5-2,3,5,2,0,-5,13,UHEHEQQHHpHWUE,2000,A,Dawlat Qatar,14.0,15.0,18.5,15.0,15.5,15.0,8.25,8.0,9.25,Normal,0,0,3-5-2,3,5,2,0,-5,12,ZHHEEPUHHUHUUE,1030100300,H,37868631,Daw,2025-07-18,N,NC,bal,NN-N-NNNNDNNN-
62,2025-07-11 20:00:00,90,Nations Cup,Severna Makedonija,13.6625,15.6497,14.9045,12.4383,10.4407,15.0,14.0,16.0,16.75,13.75,15.75,15.0,8.0,11.0,Normal,0,0,3-5-2,3,5,2,0,4,13,UTEHEQQHPHHEUW,0,A,Magyarország,10.25,23.25,26.25,23.0,13.0,10.75,12.0,9.25,12.75,Counter-attacks,17,0,4-4-2,4,4,2,1,-10,12,ZQUETQQUpEQPEU,12000,H,37826937,Mag,2025-07-11,N,NC,bal,NN-N-NNNNNN-NN
63,2025-07-04 20:00:00,90,Nations Cup,Severna Makedonija,13.4071,11.3834,12.6482,9.8048,8.2301,9.75,20.0,24.25,20.75,13.25,11.25,12.5,8.0,11.75,Counter-attacks,17,0,4-4-2,4,4,2,1,-6,14,UQQEHTHHEpQUEW,102100,A,Suriyah,13.0,15.75,16.5,15.75,13.5,14.0,13.25,8.75,11.0,Play creatively,23,0,3-5-2,3,5,2,0,0,14,ZHEUETHHQUQQEP,3000300,H,37784551,Sur,2025-07-04,CA,NC,442ca,NNN-NNON-DON-N
64,2025-06-27 20:00:00,90,Nations Cup,Severna Makedonija,11.1295,9.8354,11.1295,8.3327,6.9944,9.5,19.5,29.0,21.25,10.75,9.5,10.75,8.0,11.75,Counter-attacks,17,0,4-4-2,4,4,2,1,-10,14,UTPEHQQUEHHUEP,3003122100,H,Tounes,5.25,18.0,21.25,18.0,4.25,9.25,12.5,6.5,9.5,Counter-attacks,17,0,5-3-2,5,3,2,0,-10,8,ZZPZZZEEHHQEQU,2004324000,A,37741972,Tou,2025-06-27,CA,NC,442ca,NMN-NMOD-DON-N
65,2025-06-20 20:00:00,90,Nations Cup,Severna Makedonija,16.974,18.2221,14.4778,9.5121,7.9845,13.75,15.0,13.75,15.5,17.0,18.25,14.5,8.25,10.5,Normal,0,0,3-4-3,3,4,3,1,7,13,ZQEPEHQHEHHPUH,0,H,Liechtenstein,15.75,17.25,21.0,17.25,11.25,13.5,11.25,8.5,11.25,Normal,0,0,3-5-2,3,5,2,4,0,12,ZUEUEHTQHUQWEH,3133000300,A,37702061,Lie,2025-06-20,N,NC,343,NN-N-NNN-NNNNN
66,2025-06-13 20:00:00,90,Nations Cup,Severna Makedonija,15.8213,17.0973,16.3317,9.0222,7.5733,10.75,15.75,15.5,16.25,15.5,16.75,16.0,8.5,10.75,Normal,0,0,3-4-3,3,4,3,3,10,12,ZTEHEQHUEHQUPH,0,H,Misr,7.25,21.75,23.25,22.75,18.0,7.5,14.25,8.75,12.0,Counter-attacks,15,0,4-4-2,4,4,2,1,-10,13,ZHQETTQTEUPQEH,44044,A,37661629,Mis,2025-06-13,N,NC,343,NN-N-NNN-NNNNN
67,2025-06-06 20:00:00,90,Nations Cup,Severna Makedonija,12.8265,8.6382,14.6588,7.2495,6.0852,8.25,20.25,22.5,21.0,12.25,8.25,14.0,7.75,11.0,Counter-attacks,17,0,4-4-2,4,4,2,1,-10,12,ZHPEHQQQEHHPEU,2002141104,H,Guam,13.25,16.5,17.0,16.75,14.0,14.25,12.25,8.75,11.75,Normal,0,0,3-5-2,3,5,2,0,0,16,ZHEUEUTUTUQHQE,3000300,A,37619619,Gua,2025-06-06,CA,NC,442ca,NDN-NDOW-OON-W
68,2025-05-30 20:00:00,90,Nations Cup,Severna Makedonija,15.1286,17.7827,14.3323,11.428,9.5926,13.75,12.75,15.0,14.0,14.25,16.75,13.5,7.75,10.25,Play creatively,21,0,3-4-3,3,4,3,5,4,12,ZHEPETQHEHHWHU,30000000,A,Cabo Verde,14.25,9.75,13.75,9.5,11.0,17.75,12.25,8.0,9.5,Normal,0,0,2-5-3,2,5,3,5,5,8,ZEQEQEZUPHQHUP,1130003000,H,37575357,Cab,2025-05-30,PC,NC,343,NN-N-MNN-NNNNN
69,2025-05-23 20:00:00,90,Nations Cup,Severna Makedonija,8.3888,7.3063,5.9533,10.7501,9.0237,12.75,19.75,23.5,20.25,7.75,6.75,5.5,6.75,11.25,Pressing,12,0,4-5-1,4,5,1,0,-10,13,UHQEHQQHpUHEPE,2002302030,H,Trinidad & Tobago,4.25,24.75,25.0,24.25,15.5,6.5,14.5,8.0,11.25,Counter-attacks,20,0,5-3-2,5,3,2,0,-10,12,ZZHUTUQTEEQHEU,2004214144,A,37517123,Tri,2025-05-23,Pr,NC,AoD,NDN-NDMNDNM-N-
70,2025-05-16 20:00:00,90,Nations Cup,Severna Makedonija,12.5509,19.0774,14.3081,13.8245,11.6043,13.0,6.75,12.0,9.25,12.5,19.0,14.25,7.25,9.25,Attack in the middle,23,0,2-5-3,2,5,3,1,10,11,UEEQEQHUHHQUHW,1330003000,A,Ozbekiston,14.5,22.5,22.75,21.75,10.25,10.75,10.25,7.75,11.0,Normal,0,0,3-5-2,3,5,2,8,0,14,ZUEHEPQHZUQQEP,3000300,H,37489565,Ozb,2025-05-16,AIM,NC,AoA,N--O-MMNNNMNNN
71,2025-05-09 20:00:00,90,Nations Cup,Severna Makedonija,14.0969,18.7104,17.6852,10.6863,8.97,15.25,8.0,11.5,14.75,13.75,18.25,17.25,7.25,9.5,Normal,0,0,2-5-3,2,5,3,5,10,13,ZEEQEHQUHHQUUH,1001143000,H,Ītyoppya,15.25,16.75,15.5,16.25,15.5,16.0,16.0,10.0,12.0,Normal,0,0,3-5-2,3,5,2,3,3,15,ZZEUEQQHQZQWEQ,0,A,37461521,Īty,2025-05-09,N,NC,AoA,N--O-NNOOWMNNN
72,2025-05-02 20:00:00,90,Nations Cup,Severna Makedonija,11.5942,11.8462,11.0901,10.3779,8.7112,10.0,23.75,20.0,23.0,11.5,11.75,11.0,7.5,10.75,Counter-attacks,18,0,4-4-2,4,4,2,0,-10,12,UTHEQHQUEHQUUE,2442300300,A,Føroyar,14.0,16.75,16.5,17.25,14.75,14.25,14.25,10.5,13.25,Normal,0,0,3-5-2,3,5,2,1,2,13,ZTETEHQUHZTEPU,103000300,H,37431075,Før,2025-05-02,CA,NC,442ca,NDW-WDMN-NMNN-
73,2025-04-25 20:00:00,90,Nations Cup,Severna Makedonija,11.6701,11.4218,9.932,9.2265,7.7447,10.0,21.25,24.0,21.0,11.75,11.5,10.0,7.25,10.75,Counter-attacks,17,0,4-4-2,4,4,2,2,-10,12,UHHEQTQHHEHUHE,2002300300,H,Eesti,14.25,14.0,13.75,11.0,16.25,19.5,13.25,8.75,9.75,Normal,0,0,2-5-3,2,5,3,3,0,13,UUEEHEQQUHHHQW,130003000,A,37289265,Ees,2025-04-25,CA,NC,442ca,NDN-NDMNN-MNN-
74,2025-04-18 20:00:00,90,Nations Cup,Severna Makedonija,13.1471,13.1471,12.3886,10.6533,8.9423,10.75,19.75,19.5,20.5,13.0,13.0,12.25,7.5,10.5,Normal,0,0,3-5-2,3,5,2,1,-10,12,ZHEHEQQHHUHUEP,0,H,Burkina Faso,7.25,17.5,27.0,19.0,2.75,4.0,9.25,4.75,9.0,Counter-attacks,16,0,5-4-1,5,4,1,0,-10,5,ZHHTUHEUHHQEEU,3000302404,A,36941516,Bur,2025-04-18,N,NC,AoD,NN-N-NNNNNNN-N
75,2025-04-11 20:00:00,90,Nations Cup,Severna Makedonija,12.1139,20.0143,11.8506,11.5309,9.6791,14.25,7.75,14.0,10.5,11.5,19.0,11.25,8.0,10.0,Attack in the middle,24,0,2-5-3,2,5,3,3,10,12,ZEEHQEQHUHHHUP,1131113000,H,Palestine,8.25,19.0,17.75,17.0,13.5,12.0,13.25,6.5,10.25,Normal,0,0,3-5-2,3,5,2,0,-3,11,UUEHEHTHHQQUEQ,300300,A,36872580,Pal,2025-04-11,AIM,NC,AoA,N--OO-MOOOMNNN
76,2025-04-04 20:00:00,90,Nations Cup,Severna Makedonija,12.8495,16.1248,13.3534,10.9877,9.2231,10.5,15.25,16.5,17.25,12.75,16.0,13.25,7.5,10.0,Normal,0,0,3-5-2,3,5,2,0,-2,12,ZHEHEQQHUHQEPU,3000300,H,Bangladesh,10.5,19.75,20.0,19.0,12.25,11.75,11.75,8.25,11.75,Normal,0,0,3-5-2,3,5,2,3,0,12,ZHEHEUUHUUQWQE,300,A,36853848,Ban,2025-04-04,N,NC,bal,NN-N-NMNNNM-NN
77,2025-03-28 20:00:00,90,Friendly,Severna Makedonija,,,,,,5.25,20.5,24.75,23.5,11.75,4.25,4.75,5.25,10.25,Counter-attacks,19,0,5-4-1,5,4,1,0,-10,10,ZHHHHHHHETHQEE,1400212224,H,Brasil,6.5,21.75,23.75,21.5,10.25,10.5,16.25,8.5,11.25,Counter-attacks,25,0,5-3-2,5,3,2,0,-10,11,ZUTHQTQEEHQEQQ,2000004000,A,36815579,Bra,2025-03-28,CA,F,hardca,NOWNNDOD-DDW--
78,2025-03-21 20:00:00,90,Friendly,Severna Makedonija,,,,,,4.5,11.5,10.75,7.0,16.75,18.0,13.0,6.5,8.5,Play creatively,21,0,2-5-3,2,5,3,0,10,10,UQEHEEQTUHQWUH,10001000,A,Shqiperia,8.5,18.25,18.25,18.5,7.25,13.0,10.25,8.25,10.25,Normal,0,0,3-4-3,3,4,3,5,0,12,ZHEHEZPQETQHPU,3003000,H,36776146,Shq,2025-03-21,PC,F,AoA,NN-N--ONNNONNN
79,2025-03-14 20:00:00,90,Europe Cup,Severna Makedonija,8.6939,7.9268,5.8811,11.4688,9.6269,15.25,21.5,26.0,22.25,8.5,7.75,5.75,6.75,11.5,Pressing,14,0,4-5-1,4,5,1,0,-10,13,ZQTEPQQHpHUEPE,2002302030,H,Nederland,17.0,17.75,23.25,17.5,12.25,14.0,12.5,10.0,13.0,Pressing,12,0,3-5-2,3,5,2,1,-2,15,ZUEHEZQUpQHWQE,3033020300,A,36370678,Ned,2025-03-14,Pr,CC,AoD,NDN-NDMNDNM-N-
80,2025-03-07 20:00:00,90,Europe Cup,Severna Makedonija,17.2161,5.0636,4.0509,9.5488,8.0153,7.25,24.0,26.5,23.5,17.0,5.0,4.0,7.0,11.75,Counter-attacks,20,0,5-4-1,5,4,1,1,-10,13,ZHQHQTQQHpEHEE,400214024,A,Rossiya,14.5,15.0,13.5,14.5,17.75,19.25,17.5,8.5,10.5,Normal,0,0,3-4-3,3,4,3,2,10,12,ZUEHETUQETHPUH,103013000,H,36370654,Ros,2025-03-07,CA,CC,hardca,NNWNNDOWND-W--
81,2025-02-28 20:00:00,90,Europe Cup,Severna Makedonija,17.2515,23.0866,17.2515,11.2036,9.4043,17.75,11.25,10.0,11.25,17.0,22.75,17.0,8.25,9.5,Attack in the middle,24,0,2-5-3,2,5,3,2,10,12,ZQEEEHQHTHQHHP,31113000,H,Belarus,8.0,22.5,23.5,23.75,17.25,7.0,16.25,7.0,11.75,Counter-attacks,20,0,4-4-2,4,4,2,2,-10,15,ZQHEQHQQEQQZEH,3443044044,A,36370631,Bel,2025-02-28,AIM,CC,AoA,NN---NMOOOMNNN
82,2025-02-21 20:00:00,90,Europe Cup,Severna Makedonija,14.0298,8.5738,14.0298,8.9735,7.5323,10.25,22.25,24.5,22.25,13.5,8.25,13.5,7.25,11.25,Counter-attacks,17,0,4-4-2,4,4,2,1,-7,12,ZHQETQQHEpQQEH,3443002144,H,Ukraina,15.25,19.25,18.5,19.0,13.5,14.5,13.25,8.75,12.0,Normal,0,0,3-5-2,3,5,2,0,0,11,ZUEQEZUHHHZWEH,0,A,36370608,Ukr,2025-02-21,CA,CC,442ca,NMW-WMNN-DOW-W
83,2025-02-14 20:00:00,90,Europe Cup,Severna Makedonija,11.3529,22.958,13.6234,14.0697,11.8101,17.0,9.25,12.25,7.0,11.25,22.75,13.5,8.0,9.25,Attack in the middle,25,0,2-5-3,2,5,3,0,10,12,ZEPQEEHHTTQHQW,1130113000,A,Lietuva,14.75,13.75,14.5,13.5,18.75,22.25,16.0,8.5,10.75,Normal,0,0,2-5-3,2,5,3,2,10,14,UHEEQEUHTHQQQP,30103000,H,36370583,Lie,2025-02-14,AIM,CC,AoA,N-OO--MNOOMNNN
84,2025-02-07 20:00:00,90,Europe Cup,Severna Makedonija,8.7689,6.1898,7.7373,13.7338,11.5282,13.75,21.75,24.75,22.0,8.5,6.0,7.5,7.0,11.75,Pressing,14,0,4-5-1,4,5,1,1,-10,13,ZHHEHQQpHZUETE,2102320032,A,Nederland,15.25,14.0,11.25,14.0,18.75,21.0,17.25,11.0,12.5,Normal,0,0,2-5-3,2,5,3,0,7,14,ZHEEEZQUHQHQQU,1003000,H,36370558,Ned,2025-02-07,Pr,CC,AoD,NDO-NDMDNNM-D-
85,2025-02-03 20:00:00,90,Europe Cup,Severna Makedonija,16.8432,23.3214,17.3615,11.1147,9.3297,16.5,10.5,9.25,10.5,16.25,22.5,16.75,8.0,9.25,Attack in the middle,25,0,2-5-3,2,5,3,2,10,13,ZHEEEQQHTUUPQH,31113000,H,Rossiya,8.75,23.75,23.25,23.0,16.0,9.25,14.0,7.5,11.25,Counter-attacks,17,0,4-4-2,4,4,2,2,-10,11,ZHUETTHEQpUUEQ,400002000,A,36370535,Ros,2025-02-03,AIM,CC,AoA,NN---NMOOOMNNN
86,2025-01-31 20:00:00,90,Europe Cup,Severna Makedonija,10.6821,5.0867,11.1907,9.8228,8.2452,9.5,23.5,27.0,24.5,10.5,5.0,11.0,7.0,11.75,Counter-attacks,21,0,5-4-1,5,4,1,0,-10,12,ZHHHQQQPEHQQEE,2004020004,A,Belarus,12.25,17.75,17.0,18.0,16.25,19.0,17.0,8.25,10.75,Normal,0,0,3-4-3,3,4,3,1,1,16,ZQEQEHUHEUQHQH,3000000,H,36370511,Bel,2025-01-31,CA,CC,hardca,NDNNWNDN-NNW--
87,2025-01-27 20:00:00,90,Europe Cup,Severna Makedonija,12.4182,10.183,11.6731,9.6226,8.0772,8.5,21.0,23.5,20.75,12.5,10.25,11.75,7.25,10.75,Counter-attacks,18,0,4-4-2,4,4,2,3,-10,11,ZHHEHQQUpEQEQW,2002002000,A,Ukraina,11.25,14.75,13.25,14.5,20.75,17.75,12.75,9.5,11.5,Normal,0,0,2-5-3,2,5,3,5,9,12,ZTEEEZZQUHUTPU,304103400,H,36370487,Ukr,2025-01-27,CA,CC,442ca,NDN-NDNND-N-NN
88,2025-01-24 20:00:00,90,Europe Cup,Severna Makedonija,11.5897,12.0936,11.5897,11.5109,9.6623,11.0,17.25,18.25,17.25,11.5,12.0,11.5,7.0,10.25,Normal,0,0,3-5-2,3,5,2,2,-1,11,ZHEHEQQTpUQPQE,3021300,H,Lietuva,8.25,21.75,24.0,22.25,14.0,12.5,13.75,8.25,11.75,Counter-attacks,19,0,4-4-2,4,4,2,1,-10,17,ZQUEQHUHEHUQEQ,0,A,36370463,Lie,2025-01-24,N,CC,bal,NN-N-NMNDOMNN-
89,2025-01-17 20:00:00,90,Friendly,Severna Makedonija,,,,,,8.0,17.5,18.5,20.5,11.5,11.5,11.0,7.25,9.75,Counter-attacks,16,0,4-4-2,4,4,2,1,-10,10,ZHHEHQQUEHUUEW,40020000,A,República Dominicana,9.5,17.5,17.25,18.0,14.75,14.75,13.25,8.75,11.25,Normal,0,0,3-5-2,3,5,2,3,0,12,UUEHEHUHPHQPUE,20000300,H,36384286,Rep,2025-01-17,CA,F,442ca,NNN-WNND-NNN-N
90,2025-01-10 20:00:00,90,Friendly,Severna Makedonija,,,,,,8.0,13.0,15.25,12.5,16.25,14.0,14.5,6.75,9.75,Counter-attacks,15,0,4-4-2,4,4,2,1,10,10,ZQHEHHQUEHUWEU,1001100100,A,Kyrgyz Republic,9.0,12.5,12.0,12.25,14.0,9.0,14.0,6.75,9.75,Normal,0,0,3-5-2,3,5,2,2,10,10,UTEHEQTQUZUHET,1111414144,H,36343972,Kyr,2025-01-10,CA,F,442ca,NON-NOON-NON-N
91,2025-01-03 20:00:00,88,Friendly,Severna Makedonija,,,,,,5.75,16.25,16.25,14.75,8.25,8.0,17.5,7.0,10.0,Counter-attacks,21,0,5-3-2,5,3,2,1,10,10,ZHHUHQUEEHUWEQ,24104,A,Puerto Rico,8.5,20.25,22.0,18.5,9.5,12.0,12.25,8.5,11.25,Normal,0,0,4-3-3,4,3,3,3,0,11,ZZPETUEPEHUPTP,0,H,36197364,Pue,2025-01-03,CA,F,hardca,NNNNNND--WON-W
92,2024-12-27 20:00:00,88,Friendly,Severna Makedonija,,,,,,5.75,17.5,21.0,20.5,13.0,10.75,11.25,6.75,10.25,Counter-attacks,19,0,5-3-2,5,3,2,1,-10,10,ZHHHQQQEUEHPEU,1004110100,H,Puerto Rico,7.25,15.25,18.0,17.0,10.5,14.0,13.75,8.0,10.5,Normal,0,0,4-3-3,4,3,3,1,0,10,ZQTEPUEHEHUWQT,0,A,35874899,Pue,2024-12-27,CA,F,hardca,NONNWOO-N-ON-N
93,2024-12-20 20:00:00,88,Friendly,Severna Makedonija,,,,,,10.0,8.75,12.5,8.75,14.0,19.5,13.5,7.25,8.75,Play creatively,22,0,2-5-3,2,5,3,2,10,10,ZEHEHEQUUHQUUP,0,H,Dawlat Qatar,10.0,14.0,15.0,14.0,14.0,12.0,13.0,9.0,11.25,Normal,0,0,3-5-2,3,5,2,3,10,13,ZUEHEUUZUHHUEQ,1000000000,A,35757826,Daw,2024-12-20,PC,F,AoA,N-N-N-NNNNNNNN
94,2024-12-13 20:00:00,88,Nations Cup,Severna Makedonija,16.2143,22.2947,11.9074,7.9492,6.6725,11.75,12.25,11.0,5.5,16.0,22.0,11.75,8.25,8.25,Attack in the middle,21,0,2-5-3,2,5,3,5,10,10,ZHQEEEQQUQUPUU,31013000,H,Ītyoppya,7.5,19.5,21.75,21.0,15.5,10.25,15.0,9.0,12.0,Counter-attacks,16,0,4-4-2,4,4,2,2,-6,14,ZQZEZZUQEUQUEU,44000,A,35708645,Īty,2024-12-13,AIM,NC,AoA,NNN---MONOMNNN
95,2024-12-06 20:00:00,88,Nations Cup,Severna Makedonija,15.281,16.7598,12.3234,11.0904,9.3093,13.0,15.25,12.25,8.75,15.5,17.0,12.5,7.5,8.75,Play creatively,22,0,2-5-3,2,5,3,2,-4,10,ZQEHEEQHUQUUWU,43000,A,Lëtzebuerg,15.5,17.75,16.75,17.25,12.5,13.25,13.0,7.0,10.25,Normal,0,0,3-5-2,3,5,2,4,0,10,ZUEHEUUUUZZPEU,3000300,H,35662403,Lët,2024-12-06,PC,NC,PC,NN-N--NNNWMNNN
96,2024-11-29 20:00:00,88,Nations Cup,Severna Makedonija,17.2545,17.7696,15.4518,10.5185,8.8292,9.75,13.75,11.0,7.75,16.75,17.25,15.0,7.5,8.75,Play creatively,22,0,2-5-3,2,5,3,4,10,10,ZQEHEEQUHQUWUU,10041000,A,France,8.25,16.5,16.0,14.0,9.0,6.75,9.0,6.5,10.25,Normal,0,0,4-5-1,4,5,1,0,-10,10,ZUUTEZQTHUUTEE,300032,H,35615081,Fra,2024-11-29,PC,NC,AoA,NN-N--ONNWONNN
97,2024-11-22 20:00:00,88,Nations Cup,Severna Makedonija,12.5869,11.0764,11.0764,8.0791,6.7816,7.0,18.5,21.0,19.0,12.5,11.0,11.0,7.5,9.75,Counter-attacks,16,0,4-4-2,4,4,2,1,-10,10,ZHQEHQQUEHUQEW,100100,A,Uganda,14.0,17.5,16.5,15.0,15.25,15.0,14.5,9.5,11.75,Normal,0,0,3-5-2,3,5,2,3,1,13,ZQEHEQQTHHQQEU,0,H,35565457,Uga,2024-11-22,CA,NC,442ca,NNN-NNON-NON-N
98,2024-11-15 20:00:00,88,Nations Cup,Severna Makedonija,17.0487,19.0843,11.7051,10.1654,8.5328,12.25,12.75,12.0,8.25,16.75,18.75,11.5,7.5,9.0,Play creatively,22,0,2-5-3,2,5,3,5,10,10,ZQEHEEQUHQUWUU,1030003000,A,Tounes,11.25,15.5,14.5,13.75,14.75,14.25,7.25,7.5,10.0,Normal,0,0,3-5-2,3,5,2,4,0,10,ZHETEUZUHZPHEQ,2000101300,H,35514399,Tou,2024-11-15,PC,NC,AoA,NO-N--MNNNMNNN
99,2024-11-08 20:00:00,88,Nations Cup,Severna Makedonija,7.92,5.8761,4.0878,9.3196,7.8229,9.25,19.5,28.0,18.75,7.75,5.75,4.0,6.0,10.25,Counter-attacks,19,0,5-4-1,5,4,1,0,-10,9,ZQHHHHUHUQEQEE,3000300200,A,Kyrgyzstan,12.25,19.75,23.25,20.0,9.5,10.5,9.25,7.25,11.0,Counter-attacks,17,0,4-4-2,4,4,2,0,-10,14,ZQHEPUQZEHHPQE,300300,H,35463449,Kyr,2024-11-08,CA,NC,hardca,NMNNNMNNDN-N--
100,2024-11-01 20:00:00,88,Nations Cup,Severna Makedonija,11.6916,10.9453,10.1991,8.9824,7.5398,8.5,20.5,21.75,21.25,11.75,11.0,10.25,6.75,10.0,Counter-attacks,17,0,4-4-2,4,4,2,1,-10,9,ZHHEHQQUEHUUEQ,200,A,Costa Rica,11.25,19.25,19.75,19.75,12.25,13.25,12.25,8.5,11.5,Normal,0,0,3-5-2,3,5,2,3,0,14,ZUEUEZUUpUUQEH,3121300,H,35408622,Cos,2024-11-01,CA,NC,442ca,NNN-NNNN-NDN-N
101,2024-10-25 20:00:00,88,Nations Cup,Severna Makedonija,12.7934,11.2582,11.2582,9.3057,7.8112,8.25,19.75,21.0,19.25,12.5,11.0,11.0,6.5,10.0,Counter-attacks,16,0,4-4-2,4,4,2,2,-6,9,ZHHEHQQUEHUQEU,0,A,Saudi Arabia,13.75,20.0,22.5,20.75,7.75,6.25,7.75,7.75,11.5,Normal,0,0,4-5-1,4,5,1,0,-8,11,ZUHEHUHHUZQEHE,2112302032,H,35352651,Sau,2024-10-25,CA,NC,442ca,NNN-NNNN-NNN-N
102,2024-10-18 20:00:00,88,Nations Cup,Severna Makedonija,15.4966,7.617,14.7086,4.7115,3.9548,6.25,18.75,20.75,19.5,14.75,7.25,14.0,6.5,9.75,Counter-attacks,16,0,4-4-2,4,4,2,1,-4,9,ZQHEHQQQEUQQEU,2002144144,H,Liechtenstein,12.75,17.25,16.75,17.0,9.25,13.25,17.5,6.0,10.0,Normal,0,0,3-5-2,3,5,2,0,0,11,ZTETEPUHHHQHEU,2003004000,A,35296088,Lie,2024-10-18,CA,NC,442ca,NDN-NDOW-WOW-W
103,2024-10-11 20:00:00,88,Nations Cup,Severna Makedonija,17.9075,20.0143,13.4306,12.5736,10.5543,14.75,15.0,12.25,8.0,17.0,19.0,12.75,7.5,9.5,Normal,0,0,2-5-3,2,5,3,2,10,11,ZQEPEEQUPUUWQZ,34003000,A,Jamaica,13.5,12.0,15.5,16.25,10.75,14.75,12.75,9.0,11.75,Normal,0,0,2-5-3,2,5,3,3,7,12,ZEPEEQQQZHQUPQ,1030003000,H,35217113,Jam,2024-10-11,N,NC,AoA,NN-N--MWNNMNNN
104,2024-10-04 20:00:00,88,Nations Cup,Severna Makedonija,12.5854,11.7988,12.5854,6.7367,5.6547,7.5,22.0,24.0,21.0,12.0,11.25,12.0,7.25,10.25,Counter-attacks,20,0,5-3-2,5,3,2,0,-10,11,ZTUPHQQETEQQEZ,2000201000,H,Belize,8.25,26.5,25.75,22.5,16.0,9.75,5.5,8.0,11.25,Counter-attacks,22,0,5-3-2,5,3,2,1,-10,15,ZZZQPUUHEHEQEQ,400214000,A,35176065,Bel,2024-10-04,CA,NC,hardca,NDNNNDN-O-NN-N
105,2024-09-27 20:00:00,88,Nations Cup,Severna Makedonija,14.4282,13.3789,13.6412,13.2175,11.0947,15.5,16.5,16.25,12.75,13.75,12.75,13.0,7.0,10.5,Normal,0,0,3-5-2,3,5,2,1,5,11,ZTEHEQQUpUUWET,130020002,A,Mongol Uls,14.0,17.5,16.5,16.25,14.25,14.5,13.25,7.5,10.5,Normal,0,0,3-5-2,3,5,2,2,4,13,ZUEPEUQHQQHPUE,100010000,H,35140930,Mon,2024-09-27,N,NC,bal,NN-O-MNNDNNN-D
106,2024-09-20 20:00:00,88,Nations Cup,Severna Makedonija,11.4464,11.4464,12.5112,10.7877,9.0552,12.0,17.75,18.75,18.5,10.75,10.75,11.75,6.75,10.5,Normal,0,0,3-5-2,3,5,2,3,4,11,ZQEHETQUPUUPQE,3004300,H,Brunei,12.0,12.75,10.25,8.5,18.25,19.5,11.75,9.25,9.5,Normal,0,0,2-5-3,2,5,3,3,10,12,ZUEEQEQHUHHWQU,104103000,A,35101543,Bru,2024-09-20,N,NC,bal,NN-N-NMNNWMNN-
107,2024-09-13 20:00:00,88,Nations Cup,Severna Makedonija,12.8458,14.8608,12.342,12.804,10.7477,15.0,17.5,15.25,13.0,12.75,14.75,12.25,6.5,9.75,Normal,0,0,3-5-2,3,5,2,0,2,10,ZTEHEQQUpUQWQE,123020300,A,Rossiya,14.25,18.5,18.75,18.25,13.25,11.5,13.25,6.75,10.5,Normal,0,0,3-5-2,3,5,2,4,2,10,ZUETEUHHUHUUET,103000302,H,34941524,Ros,2024-09-13,N,NC,bal,NN-O-DMNDNMNN-
108,2024-09-06 20:00:00,88,Nations Cup,Severna Makedonija,13.1415,16.749,16.4913,11.2605,9.4521,12.5,10.25,12.75,13.75,12.75,16.25,16.0,6.5,9.25,Play creatively,22,0,2-5-3,2,5,3,4,5,11,ZEHEETQUPUQTQP,1000000200,H,Haiti,11.5,14.75,14.25,14.25,16.5,11.25,7.0,7.75,10.25,Normal,0,0,3-5-2,3,5,2,2,0,13,ZQEPEQQHPpQHQE,100002340,A,34559736,Hai,2024-09-06,PC,NC,PC,N-O--NNNNNNDNN
109,2024-08-30 20:00:00,88,Nations Cup,Severna Makedonija,13.1014,16.6287,11.5897,11.5667,9.7091,12.0,18.5,15.25,10.25,13.0,16.5,11.5,6.75,9.5,Normal,0,0,3-5-2,3,5,2,1,-6,10,ZTEPEQQUPUQPUE,133000300,H,Slovenija,13.25,18.5,19.25,19.0,14.0,13.0,13.25,7.0,10.5,Normal,0,0,3-5-2,3,5,2,3,2,11,ZQEQEHHUTpQEQQ,12000,A,34486344,Slo,2024-08-30,N,NC,AoD,NN-O-MMNNNMNN-
110,2024-08-23 20:00:00,88,Nations Cup,Severna Makedonija,13.3534,14.8651,13.8573,10.7261,9.0035,10.25,15.75,17.25,17.75,13.25,14.75,13.75,6.5,9.75,Normal,0,0,3-5-2,3,5,2,0,-2,10,ZQEHETQUPUQZPE,3400300,H,Al Kuwayt,7.75,23.0,26.25,22.5,7.0,5.75,7.5,7.0,11.25,Counter-attacks,15,0,4-5-1,4,5,1,0,-10,8,ZPQEQHUPpZUEEQ,2020202000,A,34468787,Al ,2024-08-23,N,NC,bal,NN-N-NMWNNMNN-
111,2024-08-16 20:00:00,88,Friendly,Severna Makedonija,,,,,,8.25,11.0,17.0,11.25,8.5,12.5,7.0,7.0,9.0,Normal,0,0,3-5-2,3,5,2,0,0,9,ZEQPHEHHUHQUHE,3000300,A,Srbija,6.0,24.75,27.5,25.0,10.5,10.0,10.5,6.75,10.25,Counter-attacks,18,0,4-3-3,4,3,3,5,-10,10,ZPQEPQUEpEZPQP,20000,H,34431118,Srb,2024-08-16,N,F,bal,N-NNN-MNNNMNN-
112,2024-08-09 20:00:00,88,Friendly,Severna Makedonija,,,,,,4.25,14.75,13.5,14.5,13.25,14.5,11.25,7.0,9.0,Normal,0,0,3-4-3,3,4,3,1,0,9,ZQEHEHHHEHQUQH,0,A,El Salvador,8.75,20.5,22.75,20.5,10.0,9.0,10.75,8.75,11.75,Normal,0,0,4-4-2,4,4,2,3,-10,15,UQHEUTUZEUQHEQ,0,H,34397413,El ,2024-08-09,N,F,343,NN-N-NNN-NNNNN
113,2024-08-02 20:00:00,88,Europe Cup,Severna Makedonija,10.4133,13.2071,18.5408,10.7585,9.0307,12.5,14.0,15.75,15.25,10.25,13.0,18.25,7.5,10.5,Normal,0,0,3-5-2,3,5,2,1,0,13,ZEEHPZQPPQUEPU,1113014100,H,Latvija,14.5,8.25,13.0,8.5,14.75,21.25,14.0,11.0,11.0,Attack in the middle,27,0,2-5-3,2,5,3,6,10,14,ZEHEUEQQQUQUQH,1130103000,A,34024787,Lat,2024-08-02,N,CC,bal,N--OOOMNOWO-NN
114,2024-07-26 20:00:00,88,Europe Cup,Severna Makedonija,10.6677,13.5298,14.0501,11.9965,10.0699,14.5,18.25,19.0,17.5,10.25,13.0,13.5,6.25,11.0,Normal,0,0,3-5-2,3,5,2,1,0,12,ZTEHEZQPpPQEWU,2003021000,A,Crna Gora,13.75,16.75,15.75,16.0,13.0,13.75,14.0,8.0,10.5,Normal,0,0,3-5-2,3,5,2,0,2,14,ZHEPEQZZHPZUEH,0,H,34024764,Crn,2024-07-26,N,CC,bal,ND-N-NMNDON-NN
115,2024-07-19 20:00:00,88,Europe Cup,Severna Makedonija,13.5895,16.6663,12.8202,10.7538,9.0267,14.75,16.0,15.5,13.0,13.25,16.25,12.5,8.0,10.0,Normal,0,0,3-5-2,3,5,2,2,-3,13,ZZEHETUpZZQUEP,3211300,H,France,16.25,14.75,14.0,12.75,17.25,20.25,13.5,10.0,11.5,Normal,0,0,2-5-3,2,5,3,4,10,13,ZTEEPEUQZQUUWH,101103000,A,34024740,Fra,2024-07-19,N,CC,bal,NN-N-NMDOOMN-N
116,2024-07-12 20:00:00,88,Europe Cup,Severna Makedonija,16.4667,8.4989,18.0602,9.2362,7.7529,13.5,17.75,14.75,16.75,15.5,8.0,17.0,7.75,10.25,Attack in wings,24,0,3-5-2,3,5,2,2,-5,12,ZTEUEZUHPHQZEU,404044,H,Belarus,8.0,23.25,24.25,22.5,18.0,8.0,18.0,7.5,11.5,Counter-attacks,21,0,4-4-2,4,4,2,0,-10,15,ZUPEUHQQEQUHEQ,44044,A,34024717,Bel,2024-07-12,AOW,CC,bal,NN-N-NNWNWNW-W
117,2024-07-05 20:00:00,88,Europe Cup,Severna Makedonija,12.8027,9.4061,12.2801,9.0369,7.5856,9.25,21.75,24.75,21.75,12.25,9.0,11.75,7.5,10.75,Counter-attacks,18,0,4-4-2,4,4,2,0,-10,11,ZTUEHZQHEpUZEW,2002002000,A,Turkiye,15.75,16.25,14.0,16.25,16.25,17.5,15.5,9.5,11.5,Play creatively,25,0,2-5-3,2,5,3,2,1,16,ZUEEEHQQTUUHQT,103000,H,34024693,Tur,2024-07-05,CA,CC,442ca,NDN-NDNN-DNN-N
118,2024-06-28 20:00:00,88,Europe Cup,Severna Makedonija,7.1482,6.8835,8.2072,11.23,9.4264,11.5,21.0,25.5,22.0,6.75,6.5,7.75,6.75,11.0,Pressing,13,0,4-5-1,4,5,1,1,-10,11,ZZHEUTHpHpQEWE,2002320230,A,Latvija,10.75,22.25,23.5,22.5,12.75,13.5,13.0,10.5,12.25,Counter-attacks,21,0,4-4-2,4,4,2,1,-10,11,ZQUEHHQQETQUQE,2002011000,H,34024668,Lat,2024-06-28,Pr,CC,AoD,NDN-NDMDNDM-N-
119,2024-06-24 20:00:00,88,Europe Cup,Severna Makedonija,16.9833,7.977,15.6967,6.7636,5.6773,7.75,18.25,20.0,18.5,16.5,7.75,15.25,7.25,9.75,Counter-attacks,18,0,4-4-2,4,4,2,0,-7,11,ZZHEUTZHEQQUEU,144144,H,Crna Gora,11.25,18.0,17.75,18.0,9.25,12.75,13.0,8.0,11.0,Normal,0,0,3-5-2,3,5,2,2,0,12,ZHESEQZHZZQQEH,3000000,A,34024645,Crn,2024-06-24,CA,CC,442ca,NNN-NNOW-WOW-W
120,2024-06-21 20:00:00,88,Europe Cup,Severna Makedonija,11.8742,9.0347,11.8742,6.6449,5.5777,5.75,23.5,26.0,23.25,11.5,8.75,11.5,7.0,10.75,Counter-attacks,21,0,5-3-2,5,3,2,1,-10,11,ZZTUHZHEEpZUEU,2400212100,A,France,13.5,11.0,12.75,13.25,15.75,21.75,21.0,10.25,11.5,Normal,0,0,2-5-3,2,5,3,1,10,16,ZEZEETUZQHQUPH,1140000,H,34024621,Fra,2024-06-21,CA,CC,hardca,NDWNNDO--DON-N
121,2024-06-17 20:00:00,88,Europe Cup,Severna Makedonija,12.0066,20.9478,14.3058,13.3052,11.1684,14.0,7.0,13.0,11.75,11.75,20.5,14.0,6.5,9.0,Attack in the middle,24,0,2-5-3,2,5,3,1,5,10,ZEEHETHHPZZUWU,1331113000,A,Belarus,9.0,23.0,24.5,23.0,12.25,11.25,15.0,7.25,11.0,Counter-attacks,20,0,4-4-2,4,4,2,2,-7,14,ZQUEPQQUEQUQEH,0,H,34024598,Bel,2024-06-17,AIM,CC,bal,N--O-MMOOOMNNN
122,2024-06-14 20:00:00,88,Europe Cup,Severna Makedonija,11.3378,16.3768,13.3534,11.5109,9.6623,11.0,17.5,16.5,14.5,11.25,16.25,13.25,6.5,9.5,Normal,0,0,3-5-2,3,5,2,1,-3,10,ZZEHETHHPZZUEP,3001000,H,Turkiye,10.5,18.25,19.0,17.5,12.0,12.5,11.75,9.0,12.25,Play creatively,26,0,3-5-2,3,5,2,2,-5,16,ZUEUEZUHQUQQWE,3000300,A,34024573,Tur,2024-06-14,N,CC,bal,NN-N-NMNNONN-N
123,2024-06-07 20:00:00,88,Friendly,Severna Makedonija,,,,,,4.5,19.0,23.25,19.5,9.0,14.25,8.25,7.5,10.75,Counter-attacks,19,0,5-2-3,5,2,3,1,-5,9,ZHHPHZEEPTEpHU,2000211400,H,Bangladesh,9.25,15.75,16.75,16.0,12.25,12.25,12.25,6.75,9.75,Normal,0,0,3-4-3,3,4,3,0,0,10,ZHETEQQUEQQHUW,0,A,34038301,Ban,2024-06-07,CA,F,hardca,NDNNND--OO-WNN
124,2024-05-31 20:00:00,88,Friendly,Severna Makedonija,,,,,,7.75,17.0,21.75,16.5,10.0,7.5,5.25,5.0,9.25,Normal,0,0,5-4-1,5,4,1,1,0,7,ZHPTHHUHHUEEEQ,0,H,Zambia,6.0,13.75,13.5,14.0,9.25,7.25,7.5,6.0,8.75,Play creatively,14,0,3-4-3,3,4,3,1,-10,6,ZTEQEPTHEQQUQT,20003402,A,34010649,Zam,2024-05-31,N,F,bal,NNNNNNNNNN---N
125,2024-05-24 20:00:00,86,Friendly,Severna Makedonija,,,,,,7.25,15.5,19.75,15.0,9.5,7.0,5.0,5.25,9.25,Normal,0,0,5-4-1,5,4,1,0,0,8,ZHPTHHQHHUEEEU,0,A,Puerto Rico,7.0,17.0,17.25,16.0,9.5,13.5,12.5,7.5,9.75,Normal,0,0,4-3-3,4,3,3,1,0,8,ZZPEPQUEHEUZPT,300000,H,33849270,Pue,2024-05-24,N,F,bal,NNNNNNNNNN---N
126,2024-05-17 20:00:00,86,Friendly,Severna Makedonija,,,,,,9.0,15.0,17.0,16.5,11.25,9.0,10.25,6.0,8.5,Normal,0,0,4-5-1,4,5,1,0,0,9,ZZPEHZUHPQZEEU,0,H,Nigeria,7.75,18.0,20.75,20.75,6.0,11.5,11.25,7.75,9.75,Counter-attacks,17,0,4-3-3,4,3,3,0,-10,10,UQUEHZEEHQQQQT,2002010002,A,33763232,Nig,2024-05-17,N,F,bal,NNN-NNNNNNN--N
127,2024-05-10 20:00:00,86,Friendly,Severna Makedonija,,,,,,9.5,16.75,18.5,19.0,11.0,9.25,10.5,5.75,9.25,Normal,0,0,4-5-1,4,5,1,1,0,10,ZZHEHZUHPQZEEU,0,A,Suriname,7.25,17.25,16.5,16.5,12.5,11.25,11.25,7.75,10.25,Normal,0,0,4-4-2,4,4,2,1,0,9,UTUEHQUETHUTRE,400010000,H,33377473,Sur,2024-05-10,N,F,bal,NNN-NNNNNNN--N
128,2024-05-03 20:00:00,86,Nations Cup,Severna Makedonija,13.3209,14.653,13.8537,10.9915,9.2263,11.75,16.75,15.5,16.5,12.5,13.75,13.0,6.25,9.0,Normal,0,0,3-5-2,3,5,2,1,0,12,ZZEHETQTPHUEUU,0,A,Misr,8.25,20.5,19.75,20.5,11.75,9.5,18.75,6.5,10.75,Counter-attacks,18,0,4-4-2,4,4,2,0,-5,12,ZHUEHQZUEUQEPQ,40004004,H,33341146,Mis,2024-05-03,N,NC,bal,NN-N-NNNNNN-NN
129,2024-04-26 20:00:00,86,Nations Cup,Severna Makedonija,17.3365,13.6591,6.5669,5.7483,4.8251,5.75,20.25,23.25,20.5,16.5,13.0,6.25,7.5,10.25,Counter-attacks,18,0,5-3-2,5,3,2,0,-10,10,ZZZHHTUUUEEQUE,214100,H,San Marino,13.5,17.25,17.0,17.0,10.25,11.0,10.75,7.0,10.25,Normal,0,0,3-5-2,3,5,2,2,0,12,ZUEUEHUHQTHWEH,103000300,A,33298323,San,2024-04-26,CA,NC,hardca,NNNNNDOWO--NN-
130,2024-04-19 20:00:00,86,Nations Cup,Severna Makedonija,12.7045,7.2597,16.8529,5.934,4.981,4.5,20.0,22.5,20.75,12.25,7.0,16.25,6.5,10.0,Counter-attacks,18,0,5-3-2,5,3,2,1,-10,10,ZZHHPTUEEUUUEU,14144,A,Shqiperia,12.0,13.5,13.75,11.25,14.25,15.5,12.25,8.0,10.5,Normal,0,0,2-5-3,2,5,3,3,6,11,ZTEEHEQPQTQPPT,0,H,33256742,Shq,2024-04-19,CA,NC,hardca,NNNNNNO--WOW-W
131,2024-04-12 20:00:00,86,Nations Cup,Severna Makedonija,7.7438,16.2887,14.9535,12.2098,10.2489,10.75,11.75,14.25,13.25,7.25,15.25,14.0,6.75,9.75,Normal,0,0,2-5-3,2,5,3,1,6,10,ZEHEETPHPZUWQW,30000000,A,Cymru,9.0,16.5,19.5,16.0,12.25,9.75,9.5,5.75,10.0,Pressing,11,0,4-4-2,4,4,2,0,-3,10,ZTZEHHQQpEQQEQ,2000,H,33215950,Cym,2024-04-12,N,NC,bal,N-N--NMNNNNNNN
132,2024-04-05 20:00:00,86,Nations Cup,Severna Makedonija,7.1876,14.6414,13.8427,8.3662,7.0226,12.5,14.0,16.5,16.5,6.75,13.75,13.0,6.0,9.25,Normal,0,0,3-5-2,3,5,2,1,0,11,ZEHEHQPTPHUEUU,4003000000,H,Singapore,12.25,12.75,10.5,14.0,16.75,19.5,17.5,9.5,11.0,Normal,0,0,2-5-3,2,5,3,3,10,15,ZUEEEQQUZZZUZW,100000,A,33173488,Sin,2024-04-05,N,NC,bal,N-W-NNMNNNN-NN
133,2024-03-29 20:00:00,86,Nations Cup,Severna Makedonija,14.9519,8.1317,18.362,4.9856,4.1849,5.25,19.25,21.5,17.25,14.25,7.75,17.5,5.75,9.75,Counter-attacks,20,0,5-3-2,5,3,2,0,-3,10,ZTHHPQQEEUQQEZ,14144,H,Việt Nam,8.5,20.75,22.75,21.0,11.25,11.0,10.75,8.5,11.25,Counter-attacks,18,0,4-4-2,4,4,2,2,-10,12,ZQPEPUQQEHQWEU,0,A,33129471,Việ,2024-03-29,CA,NC,hardca,NNNNNNO--WOW-W
134,2024-03-22 20:00:00,86,Nations Cup,Severna Makedonija,8.436,18.6615,15.0826,12.1233,10.1763,13.25,11.25,15.0,14.0,8.25,18.25,14.75,7.0,9.5,Normal,0,0,2-5-3,2,5,3,2,0,11,ZEHEETPTZPQUZW,30000000,A,Malta,15.75,16.75,16.75,14.5,13.25,13.75,11.0,8.0,10.75,Normal,0,0,2-5-3,2,5,3,5,10,14,ZQEEQEUUUQQHPZ,100103000,H,33084878,Mal,2024-03-22,N,NC,bal,N-N--NMNNNNNNN
135,2024-03-15 20:00:00,86,Nations Cup,Severna Makedonija,8.7325,13.7603,12.4372,10.0922,8.4714,14.75,17.25,17.5,17.75,8.25,13.0,11.75,6.5,10.0,Normal,0,0,3-5-2,3,5,2,2,0,11,ZUEHETUTZPQUEP,3000000,H,Haiti,8.25,19.25,20.75,18.5,16.5,10.0,6.0,6.0,9.5,Counter-attacks,15,0,4-4-2,4,4,2,0,-5,12,ZQHEHQQPTEHQTE,2002143040,A,33037942,Hai,2024-03-15,N,NC,bal,NN-N-NMNNNNN-N
136,2024-03-08 20:00:00,86,Nations Cup,Severna Makedonija,19.3103,8.3847,17.7858,8.0624,6.7676,8.25,17.75,19.75,18.75,19.0,8.25,17.5,7.5,10.25,Counter-attacks,16,0,4-4-2,4,4,2,0,-3,11,ZQHEHTUQEQUUEU,144144,A,Kenya,10.0,21.0,23.5,22.5,14.5,9.75,11.25,7.75,11.25,Counter-attacks,17,0,4-4-2,4,4,2,3,-10,16,ZZUEHHUHEZQHEH,40000,H,32992044,Ken,2024-03-08,CA,NC,442ca,NNN-NNOW-WOW-W
137,2024-03-01 20:00:00,86,Nations Cup,Severna Makedonija,13.5469,14.0486,6.5226,11.0088,9.2408,13.5,17.75,18.0,12.0,13.5,14.0,6.5,6.25,9.25,Normal,0,0,3-5-2,3,5,2,1,0,12,ZTPEUEQQHPZUEU,300,H,Pakistan,7.5,20.75,30.0,20.75,11.0,6.0,9.5,7.0,11.5,Counter-attacks,22,0,5-4-1,5,4,1,2,-10,11,ZUSUUUUZEQZQEE,3000314410,A,32927638,Pak,2024-03-01,N,NC,bal,NNN-N-NNNNMN-N
138,2024-02-23 20:00:00,86,Nations Cup,Severna Makedonija,16.0058,17.4832,11.0809,13.4645,11.3021,13.75,15.0,15.25,11.75,16.25,17.75,11.25,6.75,9.25,Normal,0,0,2-5-3,2,5,3,1,0,12,ZTEEUEQZPPQTUQ,3200,A,Panama,8.5,25.5,24.75,26.25,10.75,5.25,11.25,8.75,12.5,Counter-attacks,23,0,5-4-1,5,4,1,2,-10,14,ZHZZZHUZEZQEPE,404014410,H,32894753,Pan,2024-02-23,N,NC,bal,NN--N-NNNNMDNN
139,2024-02-16 20:00:00,86,Nations Cup,Severna Makedonija,14.4007,8.6404,17.7609,6.9746,5.8545,8.5,17.25,19.25,18.5,15.0,9.0,18.5,7.5,10.5,Counter-attacks,15,0,4-4-2,4,4,2,1,-3,11,ZQHEPTZPEUQUEZ,104144,H,Ukraina,13.0,18.0,18.25,17.25,13.25,13.0,13.0,8.0,11.5,Normal,0,0,3-5-2,3,5,2,2,0,13,ZTEZEPUZUPQHET,103000302,A,32859331,Ukr,2024-02-16,CA,NC,442ca,NNN-NNON-WOW-W
140,2024-02-09 20:00:00,86,Nations Cup,Severna Makedonija,14.131,16.0801,8.2837,10.7669,9.0377,13.0,17.5,16.75,16.75,14.5,16.5,8.5,7.25,10.0,Normal,0,0,3-4-3,3,4,3,3,0,12,ZTEPEHZZPPETUZ,123000200,H,Ītyoppya,9.0,19.75,22.0,21.25,9.0,7.0,9.75,7.5,11.0,Play creatively,19,0,5-4-1,5,4,1,1,-10,10,ZHUTZQQUEUQTEE,4002100,A,32817226,Īty,2024-02-09,N,NC,343,NN-O-DMNNN-DNN
141,2024-02-02 20:00:00,86,Nations Cup,Severna Makedonija,12.2068,12.7154,7.1206,9.9651,8.3647,11.75,20.0,20.5,18.25,12.0,12.5,7.0,7.25,10.5,Normal,0,0,4-4-2,4,4,2,4,0,12,ZTPEHHQPPZEUZE,112100000,H,Kazakhstan,9.0,19.25,17.75,18.0,19.25,11.0,7.75,6.25,9.75,Counter-attacks,17,0,4-4-2,4,4,2,0,0,12,ZZPEQQHQZUEZEW,400040040,A,32650980,Kaz,2024-02-02,N,NC,bal,NNO-ODONNN-NN-
142,2024-01-26 20:00:00,86,Nations Cup,Severna Makedonija,8.0382,16.5787,14.5692,9.684,8.1288,10.75,16.5,16.75,17.5,8.0,16.5,14.5,6.75,9.75,Normal,0,0,3-4-3,3,4,3,1,0,10,ZUEPETEZPPQTUU,2000000200,H,El Salvador,11.0,16.0,17.25,16.75,11.5,10.75,11.0,8.0,11.0,Normal,0,0,3-5-2,3,5,2,2,-2,12,ZTEUEZHPPZQQEW,3000300,A,32243590,El ,2024-01-26,N,NC,343,ND-N-N-NNNNDNN
143,2024-01-19 20:00:00,86,Nations Cup,Severna Makedonija,6.9249,12.0544,12.0544,10.6028,8.9,11.0,18.25,17.25,17.25,6.75,11.75,11.75,6.5,10.0,Normal,0,0,3-5-2,3,5,2,1,0,10,ZUEPETZTPPQEPP,2003000000,H,Brunei,11.0,16.5,16.75,19.0,7.5,12.75,14.5,7.75,10.25,Normal,0,0,3-5-2,3,5,2,0,-5,13,UUEPEZZHUTUEQU,2003014300,A,32165723,Bru,2024-01-19,N,NC,bal,ND-N-NMNNNN-NN
144,2024-01-12 20:00:00,86,Nations Cup,Severna Makedonija,7.5585,15.117,13.6053,10.4645,8.7839,10.0,16.25,16.5,17.25,7.5,15.0,13.5,7.25,9.75,Normal,0,0,3-5-2,3,5,2,3,0,10,ZPEUETZTPPUEQU,3000000,H,Al Kuwayt,11.0,14.25,14.5,15.25,11.25,13.25,12.5,9.5,11.0,Normal,0,0,3-5-2,3,5,2,5,0,12,ZZEUEQZZZHHWWE,103000300,A,32145747,Al ,2024-01-12,N,NC,bal,NN-N-NMNNNN-NN
145,2024-01-05 20:00:00,86,Friendly,Severna Makedonija,,,,,,9.5,16.75,17.5,11.0,10.5,9.25,8.5,6.0,8.75,Normal,0,0,3-5-2,3,5,2,0,0,10,ZHHEPEQUHZUHEU,0,A,Suriyah,6.75,21.25,22.75,20.0,9.5,7.5,9.0,7.5,10.25,Counter-attacks,16,0,4-4-2,4,4,2,2,-10,8,ZQUEZPHZEQQTEU,2002000000,H,32110958,Sur,2024-01-05,N,F,bal,NNN-N-NNNNNN-N
146,2023-12-29 20:00:00,86,Friendly,Severna Makedonija,,,,,,8.5,19.75,19.75,11.75,10.25,11.0,8.5,7.25,9.5,Normal,0,0,3-5-2,3,5,2,3,0,10,ZTHEPEQQPPUQEU,0,H,Botswana,1.5,16.75,17.0,15.75,12.75,9.25,9.75,5.75,8.75,Normal,0,0,4-5-1,4,5,1,0,0,8,ZQQEQUUUUTQEWE,2040100,A,32061862,Bot,2023-12-29,N,F,bal,NNN-N-NNNNNN-N
147,2023-12-22 20:00:00,86,Europe Cup,Severna Makedonija,7.5387,16.1171,16.897,9.6618,8.1101,13.75,11.25,19.25,17.5,7.25,15.5,16.25,9.0,12.0,Normal,0,0,3-4-3,3,4,3,0,0,12,ZETEQHEZPZPZTZ,10001020,H,Česká republika,18.25,17.25,17.75,17.5,15.5,15.0,15.25,11.5,13.0,Normal,0,0,3-5-2,3,5,2,3,0,14,UUEUEUTTUUTUET,3000302,A,31659063,Čes,2023-12-22,N,CC,343,N-N-NO-NNNONDN
148,2023-12-15 20:00:00,86,Europe Cup,Severna Makedonija,9.2493,19.5263,9.2493,14.0869,11.8246,15.75,10.0,14.5,8.5,9.0,19.0,9.0,8.5,9.5,Attack in the middle,25,0,2-5-3,2,5,3,3,0,12,ZEUEQEHZPTZZZU,1130003000,A,Lietuva,14.0,15.75,14.5,15.25,15.0,15.5,15.75,7.25,11.0,Normal,0,0,3-5-2,3,5,2,5,10,16,ZHEHEUUUHHUZPE,103000000,H,31659040,Lie,2023-12-15,AIM,CC,bal,N-O-O-MNNNMNNN
149,2023-12-08 20:00:00,86,Europe Cup,Severna Makedonija,10.5015,20.2153,17.59,10.0073,8.4001,14.25,14.75,14.25,14.75,10.0,19.25,16.75,9.75,11.0,Normal,0,0,3-4-3,3,4,3,2,7,15,ZPEQEHEPZTQZUZ,2000000000,H,Portugal,16.0,15.25,15.75,12.5,15.5,17.5,12.25,10.0,11.75,Normal,0,0,2-5-3,2,5,3,1,0,12,ZHEEZEZUUHQZQT,30003002,A,31659017,Por,2023-12-08,N,CC,343,ND-N-N-NNNNNNN
150,2023-12-01 20:00:00,86,Europe Cup,Severna Makedonija,17.0882,7.3235,15.1895,5.6518,4.7441,6.5,23.0,24.5,21.75,15.75,6.75,14.0,9.0,13.0,Counter-attacks,19,0,4-4-2,4,4,2,1,-10,16,ZHZEQPQTEZHZEZ,40014144,H,Eesti,13.75,16.5,15.0,14.5,14.25,17.25,14.0,8.25,10.5,Normal,0,0,3-5-2,3,5,2,0,0,12,ZUEHEHQHZQUWQE,103000300,A,31658991,Ees,2023-12-01,CA,CC,442ca,NNN-WNNO-WOW-W
151,2023-11-24 20:00:00,86,Europe Cup,Severna Makedonija,8.2826,16.8324,16.8324,12.9362,10.8587,15.75,11.5,14.25,13.25,7.75,15.75,15.75,9.0,10.75,Normal,0,0,3-5-2,3,5,2,0,4,12,ZEQEUZHZZTQEZW,1113000100,A,Danmark,9.75,24.25,26.75,26.0,11.75,10.75,6.5,7.75,11.0,Counter-attacks,21,0,5-3-2,5,3,2,3,-10,13,ZUHHQZQUZEEEHQ,4201100,H,31658968,Dan,2023-11-24,N,CC,bal,N-O-OOMNNNO-NN
152,2023-11-17 20:00:00,86,Europe Cup,Severna Makedonija,9.2927,13.3924,9.0194,14.2319,11.9462,14.5,13.0,15.75,12.0,8.5,12.25,8.25,8.25,11.0,Attack in the middle,24,0,2-5-3,2,5,3,3,10,13,ZEZEQEUPZTHWZU,1130003000,A,Česká republika,15.5,13.25,10.25,13.75,21.75,20.75,20.75,12.25,12.75,Normal,0,0,2-5-3,2,5,3,3,10,14,UQEEEQTUUUQUTP,34110020,H,31658943,Čes,2023-11-17,AIM,CC,att,N-O-O-MNNNMNNN
153,2023-11-13 20:00:00,86,Europe Cup,Severna Makedonija,9.5423,7.6869,22.2654,5.7483,4.8251,6.5,23.25,23.0,23.5,9.0,7.25,21.0,8.75,12.75,Counter-attacks,23,0,5-3-2,5,3,2,0,-4,15,ZPQZTZHEEQQETZ,2004024124,H,Lietuva,16.0,17.0,17.0,17.5,14.25,15.0,16.0,7.75,11.25,Normal,0,0,2-5-3,2,5,3,3,10,16,ZEZEEUQHUHUWQU,30000000,A,31658920,Lie,2023-11-13,CA,CC,hardca,NDNNWND--WO-DW
154,2023-11-10 20:00:00,86,Europe Cup,Severna Makedonija,16.0641,15.0107,8.4271,12.5863,10.5649,14.5,15.25,16.75,15.0,15.25,14.25,8.0,9.0,11.0,Normal,0,0,3-5-2,3,5,2,1,-3,15,ZZEQEHQTZZHWZE,131002300,A,Portugal,13.75,18.75,19.0,18.75,12.25,10.25,12.25,8.0,12.25,Normal,0,0,3-5-2,3,5,2,2,0,11,ZHEZEQQHQHQUET,103000302,H,31658896,Por,2023-11-10,N,CC,bal,NN-O-MONNDMNN-
155,2023-11-06 20:00:00,86,Europe Cup,Severna Makedonija,20.1859,8.4993,12.2178,7.0754,5.9391,6.25,21.25,23.0,19.75,19.0,8.0,11.5,9.25,13.0,Counter-attacks,23,0,5-3-2,5,3,2,3,-3,16,ZPZQTZQEZEHZEP,1400011244,A,Eesti,13.5,9.5,12.0,13.25,12.5,19.0,16.5,8.25,10.25,Play creatively,23,0,2-5-3,2,5,3,3,10,11,ZEHEEUHZZHUQPQ,1030000000,H,31658872,Ees,2023-11-06,CA,CC,hardca,NOWNNNO-O-DW-W
156,2023-11-03 20:00:00,86,Europe Cup,Severna Makedonija,7.8105,13.6053,14.8651,11.5109,9.6623,11.0,17.75,19.0,18.0,7.75,13.5,14.75,8.5,11.75,Normal,0,0,3-5-2,3,5,2,0,-4,13,ZQEPEZHZPZHEPZ,2003000000,H,Danmark,11.25,19.0,19.75,18.75,11.0,12.75,12.5,7.5,11.0,Normal,0,0,3-5-2,3,5,2,3,0,16,ZZEHEHQpZHPWEU,103210300,A,31658848,Dan,2023-11-03,N,CC,bal,ND-N-NMNNNN-NN
